,avg_temp,max_temp,min_temp,humidity,rain_total,rainy_days
Jan,17.78,23.67,11.94,42.26,35.56,4.4
Feb,21.65,26.91,16.42,39.83,11.82,1.8
Mar,26.53,31.26,21.83,38.38,7.46,0.8
Apr,31.2,35.71,26.67,36.79,4.7,0.6
May,34.11,38.82,29.4,37.45,11.68,1.4
Jun,34.66,39.88,29.38,49.99,44.0,5.6
Jul,32.52,38.3,26.72,75.53,238.0,14.8
Aug,27.95,33.28,22.6,81.94,253.4,18.0
Sep,23.14,27.79,18.42,56.27,64.14,6.0
Oct,18.35,22.94,13.78,41.81,13.2,1.8
Nov,15.9,20.68,11.15,40.25,7.14,0.8
Dec,15.19,20.41,9.99,40.76,5.64,1.0
