date,temp_max_c,temp_min_c,temp_avg_c,humidity_pct,rainfall_mm,wind_speed_kmph,pressure_hpa
2020-09-25,21.6,14.3,17.9,49.5,0.0,6.9,1008.8
2019-06-16,41.8,31.2,36.5,47.7,0.0,15.8,1001.0
2019-09-27,26.2,16.3,21.2,50.8,0.0,10.1,1015.5
2021-09-22,27.5,17.9,22.7,49.4,0.0,14.5,1007.4
2022-11-08,22.3,12.2,17.2,45.4,0.0,7.0,1011.9
2023-03-31,31.2,21.5,26.3,48.5,0.0,9.6,1004.0
2021-06-16,38.6,28.0,33.3,53.7,0.0,7.2,1001.4
2022-11-06,22.8,12.1,17.5,38.0,0.0,7.9,1014.8
2023-01-01,20.9,8.7,14.8,38.8,0.0,6.3,1013.4
2020-10-31,17.7,6.4,12.0,39.8,0.0,9.7,1015.7
2019-02-01,25.0,,18.9,29.3,0.0,3.9,1008.3
2019-07-13,41.7,29.5,35.6,66.7,0.0,12.7,1002.8
not available,22.2,12.1,17.2,38.3,0.0,6.6,1017.4
2020-06-17,41.6,29.6,35.6,48.2,0.0,27.4,1002.9
2023-01-03,22.2,12.0,17.1,47.8,0.0,,1017.1
2021-10-12,22.2,12.1,17.2,-9999.0,0.0,6.8,1018.1
2021-05-19,39.7,29.3,34.5,30.1,0.0,8.3,999.9
2021-03-01,27.8,17.8,22.8,29.6,0.0,8.9,1008.7
2021-04-04,30.5,22.4,26.4,24.6,0.0,11.9,1002.3
2023-07-17,40.3,27.5,33.9,81.1,7.4,11.0,1005.8
2019-03-23,31.4,22.0,26.7,39.9,0.0,6.9,1003.1
2023-08-09,33.3,21.9,27.6,87.4,6.0,5.8,1004.7
2019-06-04,39.9,29.9,34.9,40.6,0.0,12.2,998.9
2021-08-11,31.9,22.1,27.0,76.5,0.0,3.9,1004.6
2019-11-16,17.7,9.1,13.4,36.2,0.0,5.6,1016.3
2022-08-10,35.5,24.4,29.9,93.6,4.1,6.2,999.2
2020-02-25,27.9,19.3,23.6,36.6,0.0,6.9,1012.8
2020-12-30,19.3,8.6,14.0,35.1,0.0,8.8,1017.8
2021-01-15,25.4,12.8,19.1,42.9,0.0,3.8,1014.1
2020-02-05,25.5,14.3,19.9,36.2,0.0,4.6,1009.4
2021-01-07,24.6,11.5,18.1,36.1,0.0,18.3,1012.7
2019-09-22,27.7,18.2,22.9,39.6,0.0,12.5,1010.4
2022-07-17,34.0,23.4,28.7,74.2,3.2,13.4,1001.0
2023-03-02,24.4,14.3,19.4,35.0,0.0,4.4,1004.7
2019-03-12,27.8,19.7,23.7,35.0,0.0,9.2,1010.2
2019-12-28,21.7,11.2,16.5,41.8,0.0,8.3,1013.9
2021-03-02,,16.6,22.1,41.9,0.0,7.9,1010.3
2023-05-28,38.7,30.3,34.5,45.4,0.0,12.8,1000.1
2021-05-29,39.6,30.1,34.9,34.7,0.0,4.0,1000.3
2022-01-15,25.2,15.0,20.1,34.5,0.0,13.1,1017.0
2019-09-23,28.7,18.8,23.7,60.2,0.0,8.3,1010.3
2021-03-31,33.7,22.9,28.3,43.2,0.0,13.0,1003.9
2020-06-20,38.8,28.5,33.7,52.4,9.5,12.0,1003.8
2019-04-14,37.4,,32.5,39.7,,6.8,1004.4
2019-04-23,35.4,27.1,31.3,36.6,0.0,6.5,1002.5
2020-01-07,24.7,13.2,19.0,35.8,0.0,11.3,1013.7
2020-09-01,30.9,21.9,26.4,75.0,0.0,13.8,1007.6
2021-08-07,30.0,16.3,23.2,98.1,0.0,11.9,1007.3
2020-01-29,25.0,,20.0,39.0,0.0,4.2,1012.4
2022-05-15,37.8,28.9,33.3,28.7,0.0,7.9,1001.9
2021-04-18,39.3,30.8,35.0,37.1,0.0,18.8,1002.2
2022-10-19,20.1,12.1,16.1,36.2,0.0,8.0,1012.7
2020-09-11,32.4,20.3,26.3,57.2,0.0,4.1,1008.1
2019-06-18,39.8,29.2,34.5,44.9,0.0,10.8,1002.5
2020-10-22,19.1,10.0,14.6,31.6,0.0,9.6,1012.0
2023-11-20,21.6,11.5,16.6,31.1,0.0,13.3,1014.6
2021-10-15,22.2,13.8,18.0,40.4,0.0,8.8,1010.8
2023-11-08,17.4,10.0,13.7,42.4,0.0,17.3,1013.7
2020-12-20,,8.5,13.5,43.1,0.0,8.5,1015.9
2019-11-14,19.2,9.5,14.4,39.4,0.0,7.8,1014.0
2019-05-21,40.2,30.6,35.4,37.1,0.0,14.1,999.7
2022-05-08,40.5,30.0,35.2,27.6,0.0,8.3,997.9
2019-03-25,32.4,22.7,27.5,49.0,0.0,7.4,1008.1
2021-07-02,39.1,26.6,32.8,58.3,8.2,24.8,1002.1
2023-05-05,34.2,27.1,30.7,47.6,0.0,5.9,1004.8
2023-12-30,20.6,8.1,14.3,49.4,0.0,9.0,1016.0
2023-03-08,29.5,20.6,25.0,38.3,0.0,8.5,1009.9
2021-12-04,22.2,13.0,17.6,28.6,0.0,5.2,1017.4
2021-07-19,38.6,26.0,32.3,85.8,8.4,11.0,1002.7
2019-03-27,34.3,24.5,29.4,39.5,0.0,5.3,1006.4
2020-02-21,29.2,20.3,24.7,48.3,3.9,11.8,1013.7
2019-06-30,41.9,31.0,36.5,57.9,0.0,6.7,1002.0
2020-05-14,36.6,26.7,31.6,29.0,0.0,5.9,999.9
2019-03-03,28.9,18.8,23.9,49.8,2.1,14.0,1011.9
2023-03-10,30.3,23.3,26.8,43.1,0.0,8.8,1010.6
2023-04-29,37.5,29.7,33.6,29.1,0.0,9.8,1004.2
2019-03-11,30.0,21.0,25.5,38.5,0.0,5.0,1008.1
2019-03-07,31.1,22.1,26.6,40.9,6.2,12.0,1005.5
2023-10-02,26.7,17.5,22.1,42.6,0.0,6.1,1019.6
2022-09-07,34.0,23.5,28.7,61.6,0.0,5.4,1011.6
2020-04-09,33.4,23.9,28.7,46.3,0.0,6.7,1001.2
2019-06-20,38.9,28.1,33.5,,0.0,13.4,998.3
2021-04-09,29.9,21.5,25.7,37.5,0.0,7.7,1007.5
2021-05-20,40.1,30.2,35.1,35.9,0.0,4.6,997.2
2022-11-10,21.7,11.9,16.8,41.1,0.0,10.3,1014.2
2020-03-30,34.5,24.1,29.3,37.3,0.0,10.2,1005.4
2020-11-24,15.0,7.1,11.1,30.9,0.0,10.2,1014.9
2023-08-22,29.9,20.3,25.1,79.2,3.9,7.4,1007.4
2022-07-18,39.0,26.7,32.9,76.5,15.9,8.1,999.7
2020-02-16,23.0,12.5,17.8,40.3,0.0,9.5,1008.5
2023-01-20,25.0,12.6,18.8,57.6,13.6,19.0,1010.2
2019-01-04,23.6,12.5,18.0,33.0,0.0,7.5,1016.6
2019-10-15,23.3,14.1,18.7,36.1,0.0,18.6,1015.7
2020-08-02,35.8,26.2,31.0,70.7,0.0,11.3,1003.2
2021-06-09,38.6,28.4,33.5,44.0,0.0,13.9,1003.7
2019-10-12,21.7,12.3,17.0,36.6,0.0,5.0,1014.8
2022-12-12,20.8,10.6,15.7,29.5,0.0,5.1,1018.5
2022-06-17,39.7,28.3,34.0,52.2,0.0,7.3,1003.6
2023-10-16,23.6,16.5,20.1,41.1,0.0,5.4,1014.7
2022-11-03,21.0,11.2,16.1,43.6,0.0,14.3,1011.5
2021-07-03,40.8,30.5,35.7,74.2,13.0,4.2,999.1
2021-03-16,32.9,24.4,28.7,20.2,0.0,8.4,1003.1
2022-10-13,18.4,9.0,13.7,49.9,0.0,9.5,1012.7
2022-03-01,30.1,18.6,24.3,35.8,0.0,4.2,1012.5
2021-01-31,27.0,14.3,20.6,48.5,7.0,4.3,1009.5
2022-07-14,38.7,27.6,33.2,78.6,10.5,11.1,1004.7
2019-11-09,23.9,14.4,19.1,41.0,,41.2,1015.8
2023-08-27,32.7,,26.8,69.0,0.0,17.8,1004.5
2020-12-16,18.5,7.6,13.0,44.6,0.0,11.5,1015.1
2021-06-02,37.7,28.0,32.9,44.1,0.0,13.3,1003.7
2019-01-17,24.7,11.9,18.3,42.2,0.0,6.3,1015.4
2019-01-28,25.8,13.7,19.7,38.7,,16.0,1015.2
2022-05-20,38.0,28.4,33.2,34.8,0.0,23.3,998.5
2022-12-24,20.0,9.6,14.8,41.6,0.0,9.9,1016.4
2023-02-20,29.0,18.2,23.6,39.5,0.0,5.9,1012.8
2020-07-16,39.1,26.1,32.6,76.7,0.0,8.8,1004.7
2021-05-07,,30.3,34.5,44.7,0.0,7.4,1003.2
2019-12-22,21.3,10.4,15.8,,0.0,12.0,1014.3
2022-02-02,23.9,14.8,19.3,34.7,0.0,14.6,1008.1
2022-09-19,26.6,16.7,21.6,52.0,0.0,13.8,1007.2
2023-11-26,17.5,6.7,12.1,52.9,0.0,10.1,1010.0
2020-05-05,40.0,31.2,35.6,38.8,0.0,18.9,999.2
2021-12-24,22.3,11.1,16.7,47.1,0.0,4.4,1015.0
2022-07-30,34.8,23.4,29.1,75.3,0.0,7.9,1003.0
2019-08-11,34.9,24.0,29.4,88.0,2.1,7.9,1001.0
2023-07-02,41.2,29.1,35.1,59.4,0.0,7.5,1001.8
not available,37.9,29.3,33.6,48.9,3.5,8.1,999.4
2019-05-27,38.6,28.9,33.8,52.9,5.5,14.1,1004.6
2020-11-17,21.7,12.0,16.8,31.5,0.0,10.6,1014.4
2020-07-20,36.9,26.7,31.8,91.3,17.0,8.1,1001.1
2022-04-24,37.8,28.3,33.0,42.1,0.0,11.8,997.6
2020-05-13,34.1,27.2,30.7,43.2,0.0,27.2,1000.4
2020-11-01,22.5,13.5,18.0,,0.0,21.3,1018.3
2021-02-02,26.8,15.0,20.9,40.3,0.0,7.2,1011.6
2022-03-27,35.2,24.9,30.1,41.5,0.0,10.8,1006.1
2021-04-03,31.6,20.1,25.8,36.5,0.0,3.4,1001.8
2023-02-09,25.5,14.1,19.8,29.0,0.0,3.4,1010.3
2021-10-28,22.0,,17.4,37.3,0.0,8.5,1016.5
2020-12-19,20.0,9.4,14.7,48.0,0.0,6.4,1016.4
2021-06-29,37.8,27.8,32.8,59.4,0.0,6.8,998.4
2022-05-23,,31.2,35.9,37.9,0.0,12.1,1000.4
2023-06-07,41.1,30.0,35.6,47.5,0.0,4.7,997.7
2021-09-09,29.6,19.7,24.7,57.0,0.0,6.5,1007.8
2021-10-17,23.2,14.7,19.0,39.0,0.0,5.8,1016.7
2023-02-16,26.9,16.8,21.9,41.7,0.0,7.3,1014.4
2023-05-09,37.7,28.5,33.1,28.5,0.0,10.8,1000.0
2019-08-18,33.0,21.9,27.5,98.1,21.3,,1004.3
2020-12-11,19.7,10.4,15.0,53.5,11.1,5.6,1015.7
2020-09-09,29.7,19.3,24.5,54.9,0.0,8.1,1014.8
2022-12-13,17.6,7.6,12.6,43.8,0.0,18.5,1011.8
2021-11-01,21.5,11.8,16.7,45.2,2.1,21.1,1019.4
2019-01-05,19.0,6.8,12.9,43.3,0.0,4.6,1017.4
2021-09-11,29.1,20.1,24.6,49.0,0.0,6.7,1008.1
2023-12-16,16.7,6.6,11.7,41.5,0.0,11.0,1013.6
2019-04-12,37.3,29.3,33.3,43.0,0.0,8.3,1005.2
2019-09-21,26.1,16.3,21.2,46.2,0.0,9.3,1010.0
2021-11-22,20.7,10.4,15.5,35.4,0.0,18.8,1018.2
2021-06-10,39.1,28.8,34.0,51.3,0.0,19.8,998.7
2022-08-04,37.7,25.5,31.6,92.8,9.1,10.8,1006.9
2023-10-08,26.2,18.3,22.2,51.9,5.1,9.5,1010.5
2019-10-31,21.2,11.1,16.2,53.0,0.0,10.1,1011.7
2022-03-16,28.8,20.5,24.6,40.3,0.0,9.7,1002.5
2023-01-09,19.7,7.5,13.6,61.9,5.6,9.7,1013.9
2022-06-25,42.1,,37.0,68.4,18.1,11.4,1003.2
2022-02-15,22.6,12.7,17.6,43.0,0.0,12.2,1009.2
2023-09-30,22.3,14.0,18.2,50.2,0.0,8.9,1012.7
2023-08-30,30.5,22.0,26.2,79.8,0.0,9.1,1007.1
2019-05-25,38.0,28.7,33.3,28.6,0.0,14.5,1001.2
2019-03-28,32.7,23.0,27.8,37.1,0.0,8.5,1005.7
2019-03-15,31.7,23.2,27.4,38.4,0.0,10.0,1004.3
2023-01-21,25.4,12.9,19.1,54.1,7.9,10.6,1013.1
2022-04-21,34.7,26.9,30.8,35.1,0.0,21.5,999.7
2023-06-15,36.8,24.5,30.6,53.0,0.0,10.4,998.8
2023-05-01,38.3,27.6,32.9,,0.0,2.7,1003.1
2020-05-19,33.5,25.0,29.3,42.8,,9.2,1002.2
2022-06-14,41.3,32.1,36.7,47.1,0.0,9.1,1003.0
2022-11-20,20.3,10.5,15.4,33.2,0.0,5.3,1015.9
2020-11-08,21.6,11.9,16.7,31.9,0.0,8.1,1018.1
2020-05-24,40.5,30.8,35.6,35.8,0.0,12.7,1002.3
2023-06-13,39.6,30.9,35.3,44.9,0.0,8.7,1001.1
2022-01-31,28.2,17.2,22.7,58.6,2.0,6.6,1011.1
2019-07-19,37.3,26.7,32.0,83.4,2.6,9.5,1002.3
2019-10-21,18.1,8.3,13.2,35.1,0.0,6.9,1014.0
2020-08-20,33.9,24.0,29.0,74.0,15.7,16.4,1006.1
2021-04-23,36.4,28.0,32.2,32.9,0.0,4.3,999.6
2021-05-27,39.9,29.1,34.5,36.8,0.0,20.4,997.0
2021-11-08,21.9,12.7,17.3,56.1,0.0,7.0,1013.6
2020-04-03,35.2,25.6,30.4,42.3,0.0,6.8,1006.7
2023-05-31,39.4,29.6,34.5,43.0,0.0,6.9,998.9
2021-05-13,38.0,30.7,34.4,38.8,0.0,4.2,1004.2
2023-09-29,25.4,15.7,20.5,67.1,4.4,14.6,1015.4
2022-01-07,22.7,12.6,17.7,37.4,0.0,12.0,1014.7
2021-10-25,21.5,13.3,17.4,37.8,0.0,3.7,1014.7
2021-08-30,31.7,21.1,26.4,75.2,28.8,8.1,1008.7
2020-05-20,37.6,29.7,33.7,51.1,0.0,10.1,1004.3
2021-07-23,37.9,26.8,32.4,88.0,31.1,11.1,1005.9
2022-05-26,38.1,28.0,33.0,44.2,0.0,6.0,999.5
2022-08-11,31.7,21.2,26.4,91.7,6.4,4.3,1006.5
2021-06-30,40.2,29.4,34.8,59.5,,12.3,1000.1
2019-07-24,34.5,21.5,28.0,77.6,0.0,14.5,1004.7
2023-12-18,21.1,10.4,15.7,39.0,0.0,15.5,1021.4
2022-02-27,29.0,16.6,22.8,30.2,0.0,11.7,1007.3
2023-08-01,37.4,25.5,31.4,90.0,6.9,7.1,1004.3
2019-12-06,21.7,10.5,16.1,42.2,0.0,19.3,1018.4
2021-04-29,39.5,30.0,34.8,42.3,0.0,10.8,1005.3
2019-08-10,35.4,24.0,29.7,93.9,12.4,4.8,1003.2
2023-07-25,37.7,26.3,32.0,69.8,0.0,13.1,1005.9
2020-09-02,27.9,19.0,23.4,65.8,0.0,4.5,1004.5
2023-05-15,39.7,30.6,35.1,34.4,0.0,16.4,996.6
2023-06-05,45.2,35.2,40.2,37.1,0.0,7.8,1003.9
2022-03-07,30.2,18.8,24.5,36.9,0.0,8.9,1009.2
2019-07-31,34.6,22.2,28.4,88.6,4.1,5.5,1004.1
2019-06-07,41.6,31.9,36.8,40.9,0.0,4.9,996.9
2019-07-29,36.5,24.3,30.4,80.1,0.0,7.1,1005.1
2021-06-08,37.0,26.9,31.9,37.5,0.0,7.3,995.0
2022-05-05,38.3,28.7,33.5,36.0,0.0,12.7,1001.1
2023-01-27,22.3,10.6,16.4,45.8,8.1,9.7,1011.7
2023-01-30,23.8,12.6,18.2,47.9,0.0,7.5,1015.6
2023-09-14,27.4,17.5,22.4,70.5,3.1,4.9,1010.3
2019-11-22,21.7,11.4,16.6,35.9,0.0,8.5,1018.8
2020-01-14,26.7,13.7,20.2,35.9,0.0,19.1,1014.9
2022-05-24,42.3,32.8,37.6,38.1,0.0,6.5,1003.9
2022-02-25,30.2,20.2,25.2,41.7,0.0,5.5,1008.0
2023-01-28,25.9,13.4,19.6,,1.1,7.8,1014.5
2020-07-31,38.2,27.5,32.9,76.7,0.0,7.2,1003.3
2020-04-16,35.0,26.8,30.9,33.0,0.0,7.7,1007.1
2021-12-06,20.1,9.2,14.6,41.3,0.0,10.5,1016.9
2020-11-02,20.4,13.5,17.0,37.5,0.0,16.9,1013.8
2020-05-07,39.0,27.6,33.3,46.1,4.2,16.5,1003.2
2019-12-29,24.2,11.1,17.6,33.2,0.0,5.9,1012.3
2020-09-15,27.1,16.8,21.9,50.0,0.0,8.0,1010.5
2021-03-22,31.2,22.1,26.7,37.4,,12.4,1004.4
2022-12-04,16.8,7.3,12.1,37.7,0.0,13.7,1016.1
2022-05-22,40.6,30.9,35.7,27.4,0.0,14.6,1002.3
2020-11-06,21.5,12.1,16.8,39.4,0.0,,1012.2
2019-10-16,22.7,13.2,17.9,39.2,0.0,15.1,1011.7
2021-08-17,34.2,23.6,28.9,84.2,4.5,5.9,1006.2
2021-03-27,31.9,23.7,27.8,35.6,0.0,15.1,1005.2
2019-07-01,39.4,29.4,34.4,67.0,2.4,4.1,999.2
2021-07-08,36.4,23.8,30.1,66.3,0.0,11.4,999.1
2021-04-20,39.7,,35.4,43.5,0.0,6.4,1001.9
2020-10-29,21.9,13.6,17.7,43.8,0.0,2.8,1014.1
2022-08-03,34.4,21.9,28.2,87.0,0.0,10.7,1006.5
2022-11-17,24.3,14.7,19.5,47.9,9.4,9.2,1015.7
2019-05-28,40.3,29.0,34.6,38.8,0.0,10.3,1001.5
2023-08-26,28.1,18.9,23.5,83.3,5.0,11.4,1005.5
2020-08-04,33.3,22.6,27.9,73.9,0.0,12.5,1001.1
2020-12-09,19.6,9.7,14.6,43.1,0.0,11.5,1013.6
2022-01-25,26.1,12.9,19.5,42.9,0.0,3.8,1013.9
2020-01-10,23.4,12.3,17.9,43.4,0.0,6.6,1012.9
2023-12-01,19.0,9.8,14.4,31.9,0.0,11.4,1015.2
2023-07-07,38.3,28.2,33.2,70.1,12.6,8.0,1000.3
2021-01-16,27.5,14.1,20.8,50.6,0.0,5.1,1011.7
2019-10-25,21.3,12.2,16.7,35.6,0.0,5.8,1017.7
2019-07-17,37.7,25.9,31.8,79.2,21.9,10.2,1000.4
2019-11-19,22.0,12.9,17.5,33.5,0.0,11.2,1020.0
2023-08-18,32.5,21.5,27.0,70.1,0.0,9.4,1005.4
2021-11-17,19.5,10.7,15.1,33.4,0.0,9.1,1012.9
2019-02-16,28.5,18.6,23.5,36.3,0.0,4.7,1007.9
2020-04-02,32.8,23.4,28.1,43.7,0.0,3.2,1006.0
2023-01-05,22.3,10.7,16.5,42.9,0.0,11.0,1015.2
2023-01-12,22.7,11.4,17.1,39.0,0.0,11.0,1014.6
2022-02-14,30.7,18.7,24.7,35.5,0.0,9.0,1008.9
2023-10-06,25.4,14.7,20.1,39.2,0.0,2.2,1016.0
2023-03-16,28.6,21.4,25.0,34.5,0.0,12.8,1003.0
2023-01-02,20.0,9.2,14.6,29.9,0.0,5.4,1011.1
2023-04-16,33.5,25.3,29.4,37.7,0.0,3.5,1004.1
2020-02-12,28.9,16.6,22.8,46.2,3.3,7.5,1011.6
2023-03-27,29.2,21.5,25.3,43.6,0.0,10.5,1009.9
2021-05-03,38.2,,33.5,27.2,,8.8,1005.5
2023-09-10,28.3,19.5,23.9,52.8,0.0,6.0,1006.2
2020-05-15,40.4,33.3,36.9,39.4,0.0,15.0,999.4
2023-10-13,22.5,13.1,17.8,48.7,0.0,3.0,1011.1
2023-05-07,39.8,31.1,35.5,36.6,0.0,7.7,1002.5
2022-12-29,24.2,13.9,19.1,47.6,0.0,8.3,1010.1
2019-06-25,39.8,29.7,34.7,66.4,0.0,23.6,997.8
2023-11-04,19.1,10.4,14.7,48.0,0.0,4.8,1015.5
2020-07-11,36.8,25.7,31.2,82.4,5.7,11.7,1003.8
2023-03-29,34.4,25.3,29.8,37.2,0.0,3.3,1000.2
2022-03-29,35.0,25.0,30.0,35.0,0.0,8.8,1006.2
2023-01-15,24.1,10.2,17.1,30.9,0.0,5.1,1017.4
2020-03-01,28.6,18.7,23.7,43.8,0.0,26.8,1008.0
2020-08-13,31.4,21.5,26.4,82.5,0.0,10.5,1008.5
2019-05-18,40.6,31.4,36.0,48.3,10.5,2.0,998.4
2019-01-06,19.9,8.4,14.2,55.3,4.1,18.6,1014.6
2023-06-21,40.1,29.7,34.9,53.3,0.0,8.0,1007.2
2023-05-18,43.4,31.3,37.3,28.2,0.0,5.7,1000.6
2019-02-20,28.7,17.6,23.1,31.9,0.0,0.8,1011.8
2023-07-18,39.2,26.1,32.7,67.7,0.0,7.7,1001.5
2023-01-17,21.5,8.5,15.0,46.0,0.0,11.5,1014.0
2023-10-31,19.4,10.3,14.9,44.2,0.0,12.5,1016.3
2019-09-24,26.7,17.3,22.0,41.8,0.0,17.2,1009.2
2020-09-12,27.4,18.2,22.8,43.5,0.0,9.0,1007.8
2023-06-14,42.4,31.4,36.9,46.2,0.0,12.6,996.8
2020-02-15,24.4,13.9,19.1,23.5,0.0,9.1,1007.1
2022-02-13,26.0,16.9,21.5,36.8,0.0,3.8,1010.4
2022-12-29,24.2,13.9,19.1,47.6,0.0,8.3,1010.1
2019-11-25,18.0,8.1,13.0,38.4,0.0,8.4,1011.5
2019-02-07,25.0,13.0,19.0,42.7,0.0,9.3,1012.3
2019-10-17,22.5,13.8,18.2,47.3,0.0,10.7,1013.9
2023-07-09,37.1,27.8,32.5,72.3,0.0,,998.4
2022-01-17,21.4,9.8,15.6,43.5,0.0,19.6,1012.2
2019-03-22,33.2,23.9,28.5,34.3,0.0,17.3,1004.7
2022-05-16,36.8,27.9,32.4,27.8,0.0,12.9,1001.6
2022-08-15,34.7,22.2,28.4,90.8,4.2,7.0,1006.9
2021-01-14,24.5,10.4,17.5,40.1,0.0,8.8,1010.6
2022-03-21,29.7,19.6,24.7,44.3,0.0,12.3,1004.1
2019-08-05,37.5,24.5,31.0,80.6,6.5,15.5,1005.7
2020-05-30,40.4,30.8,35.6,36.1,0.0,12.1,996.2
2022-09-15,28.8,18.9,23.9,49.2,0.0,5.3,
2020-11-23,22.0,11.8,16.9,38.3,0.0,12.5,1015.4
2021-12-23,16.9,8.5,12.7,42.0,0.0,8.7,1013.1
2020-08-26,31.3,19.4,25.3,72.5,0.0,10.6,1010.2
2021-04-01,36.2,27.6,31.9,43.6,0.0,5.1,1007.5
2020-12-31,21.4,12.3,16.9,48.8,0.0,10.1,1012.1
2023-12-21,,8.4,14.5,,0.0,9.5,1015.1
2019-12-18,22.3,11.3,16.8,27.7,0.0,20.3,1014.3
2022-09-25,27.1,19.2,23.1,62.0,1.5,6.5,1005.3
2019-03-29,32.0,25.7,28.9,41.7,0.0,6.3,1005.7
2021-01-10,24.6,12.8,18.7,34.8,0.0,16.3,1008.4
2022-02-21,27.0,17.2,22.1,36.2,0.0,6.0,1012.8
2020-05-08,,30.3,34.7,32.6,0.0,5.7,1000.7
2019-09-08,28.6,18.9,23.8,58.4,0.0,4.9,1007.6
2022-06-05,41.8,33.6,37.7,43.2,2.7,14.3,1001.6
2022-12-06,19.3,10.4,14.9,48.2,0.0,9.9,1021.1
2019-05-29,41.0,32.7,36.8,44.8,0.0,3.0,1005.8
2020-04-17,35.5,27.0,31.2,37.5,0.0,6.7,1002.2
2022-01-24,22.7,10.8,16.7,48.2,7.6,6.7,1016.4
2021-05-21,37.6,28.0,32.8,36.3,0.0,6.0,999.7
2019-11-15,21.7,13.1,17.4,31.3,0.0,8.0,1014.4
2021-04-21,36.5,27.8,32.2,38.6,0.0,7.2,1004.5
2021-09-08,25.6,17.8,21.7,62.2,,8.3,1010.4
2021-12-27,22.1,9.4,15.7,37.3,0.0,13.6,1018.4
2020-07-08,38.8,27.6,33.2,65.2,0.0,7.4,1002.8
2023-09-15,28.9,19.7,24.3,35.7,0.0,10.0,1008.5
2021-10-31,19.6,12.0,15.8,42.6,-5.0,7.6,1018.4
2020-02-27,27.7,17.7,22.7,26.5,0.0,3.2,1005.6
2020-08-01,35.2,24.8,30.0,85.9,0.0,8.7,1002.2
2020-10-04,28.6,18.8,23.7,47.1,0.0,14.7,1015.2
2022-11-24,22.6,12.8,17.7,37.4,0.0,10.6,1014.5
2022-10-16,19.8,10.8,15.3,,,11.4,1014.8
2019-02-04,27.1,15.3,21.2,48.1,0.0,9.1,1012.8
2023-08-11,36.2,26.4,31.3,71.2,0.0,18.9,1004.7
2020-08-09,31.7,22.6,27.1,81.1,26.2,8.1,998.9
2019-05-05,39.7,30.5,35.1,38.3,0.0,6.8,1003.3
2021-07-10,37.2,26.2,31.7,71.1,0.0,4.6,999.8
2021-11-03,21.6,9.4,15.5,45.8,0.0,6.5,1010.7
2020-06-06,,,37.4,31.4,0.0,3.7,999.6
2020-02-14,24.1,14.5,19.3,36.7,0.0,2.9,1011.9
2023-02-23,25.0,15.1,20.1,24.3,0.0,6.6,1011.3
2022-01-09,20.2,9.4,14.8,46.4,0.0,8.4,1013.7
2022-11-16,18.2,9.7,14.0,26.6,0.0,5.5,1016.6
2019-02-10,27.6,17.0,22.3,43.7,0.0,18.1,1012.9
2019-06-03,39.3,28.9,34.1,43.1,0.0,16.1,998.4
2022-12-05,20.5,10.4,15.4,49.4,0.0,4.2,1016.9
2020-11-20,19.0,10.1,14.5,40.9,0.0,14.9,1012.7
2021-06-04,40.8,30.2,35.5,48.3,5.7,18.0,1001.9
2021-09-27,26.7,15.6,21.1,49.2,0.0,14.2,1010.7
2023-06-19,37.9,27.2,32.5,48.3,0.0,11.9,999.5
2021-08-09,35.5,25.0,30.2,84.2,19.0,7.6,1000.6
2020-01-09,23.7,12.9,18.3,42.2,0.0,5.6,1010.4
2019-02-18,28.2,18.8,23.5,48.0,0.0,6.5,1009.5
2022-02-18,28.0,16.6,22.3,36.9,0.0,16.6,1011.8
2021-12-25,21.5,8.7,15.1,43.4,0.0,8.3,1018.7
2019-04-25,36.6,28.8,32.7,27.5,0.0,13.7,1001.9
2021-06-24,42.9,33.5,38.2,69.7,11.9,6.9,1002.8
2020-10-10,23.5,15.4,19.4,42.2,0.0,9.8,1014.1
2020-04-01,36.5,26.3,31.4,40.5,0.0,12.3,1003.3
2023-12-06,19.9,9.9,14.9,52.7,2.7,11.9,1018.9
2019-12-23,20.3,11.5,15.9,45.6,0.0,7.0,1017.6
2019-08-17,32.1,21.1,26.6,86.0,14.0,11.0,1003.9
2019-03-14,29.3,20.2,24.7,37.6,0.0,9.1,1004.6
2019-10-18,22.3,13.2,17.8,42.5,0.0,10.6,1011.1
2023-07-16,36.1,22.9,29.5,82.2,34.9,16.3,1007.4
2019-06-19,40.1,29.2,34.7,52.8,0.0,6.6,998.9
2021-09-17,28.4,20.5,24.5,,0.0,11.4,1007.8
2023-05-30,40.0,30.9,35.5,39.6,0.0,6.9,1002.2
2019-09-05,33.0,23.5,28.2,87.3,7.0,9.2,1008.2
2021-06-07,35.4,25.6,30.5,39.1,0.0,8.3,1003.4
2019-05-31,38.6,30.7,34.7,43.1,,6.6,1003.9
2020-01-17,26.2,13.8,20.0,40.4,0.0,4.6,1010.1
2021-06-13,39.6,29.1,34.4,58.2,0.0,16.0,1000.9
2020-08-23,34.1,21.7,27.9,72.6,0.0,10.2,1008.0
2020-03-19,34.2,25.3,29.8,39.4,0.0,9.3,1002.7
2023-06-12,42.1,32.0,37.0,,12.7,15.0,998.9
2019-11-21,23.3,13.9,18.6,46.2,0.0,,1016.7
2019-04-10,33.0,25.1,29.0,44.6,0.0,9.5,1003.6
2019-12-17,21.3,10.4,15.9,33.7,0.0,5.4,1014.4
2020-10-11,22.8,13.8,18.3,45.7,0.0,6.7,1015.0
2022-01-21,26.1,14.3,20.2,37.3,0.0,5.4,1013.6
2022-03-14,,21.1,25.6,38.0,0.0,7.7,1006.5
2022-05-13,39.6,30.8,35.2,30.3,0.0,7.1,999.3
2019-07-08,37.5,24.5,31.0,59.8,0.0,10.9,1006.8
2023-06-25,36.0,26.5,31.3,39.0,0.0,17.7,999.8
2023-09-19,25.7,17.1,21.4,55.1,1.5,6.4,1013.0
2019-06-10,38.4,28.1,33.2,36.2,0.0,3.4,1002.9
2019-01-31,28.9,17.8,23.3,44.2,0.0,15.7,1007.7
2022-02-28,30.2,20.3,25.2,34.1,0.0,14.9,1005.1
2020-10-18,21.1,11.9,16.5,32.6,0.0,14.8,1013.6
2019-05-02,37.7,29.5,33.6,35.5,0.0,4.4,1002.7
2023-06-04,40.9,31.0,36.0,44.0,0.0,8.5,998.7
2023-02-10,25.3,14.4,19.9,37.1,4.6,6.2,1013.0
2019-09-26,26.2,16.8,21.5,57.7,8.2,8.1,1012.9
2023-11-02,19.8,8.9,14.4,33.6,0.0,13.9,1020.5
2021-10-01,24.7,16.5,20.6,49.5,0.0,9.3,1013.6
2021-09-05,26.9,17.9,22.4,,0.0,12.5,1004.0
2019-07-28,35.4,23.8,29.6,82.3,17.5,6.7,1000.1
2021-03-29,34.7,24.0,29.3,35.1,-5.0,4.3,1008.6
2019-04-22,36.6,28.7,32.7,39.4,0.0,7.9,1001.4
2021-10-19,23.7,13.9,18.8,40.5,0.0,12.0,1016.1
2022-06-19,39.4,29.6,34.5,60.2,4.0,7.9,1001.4
2022-10-11,26.1,17.5,21.8,140.0,6.9,13.6,1014.9
2020-06-13,41.8,33.6,37.7,36.8,0.0,4.7,999.0
2020-04-20,35.6,27.4,31.5,35.6,0.0,2.1,1002.7
2019-05-15,36.4,27.0,31.7,26.6,0.0,6.9,1006.5
2021-06-20,40.1,29.7,34.9,61.0,1.9,16.3,1002.0
2019-09-29,25.7,17.3,21.5,40.6,0.0,6.1,1012.9
2021-03-11,29.8,18.8,24.3,35.2,0.0,8.5,1006.4
2020-01-25,21.9,10.3,16.1,54.1,0.0,11.9,1017.7
2019-08-21,32.9,23.2,28.1,87.3,16.0,8.1,1008.7
2021-12-05,19.2,10.5,14.9,43.1,0.0,3.0,1020.7
2019-08-28,30.3,20.4,25.4,69.7,0.0,12.8,1006.0
2023-05-19,37.5,27.8,32.6,,0.0,9.9,994.6
2020-12-04,19.6,10.2,14.9,36.9,0.0,6.8,1017.7
2022-12-08,15.5,3.9,9.7,140.0,0.0,5.7,
2021-08-15,38.4,26.7,32.5,87.6,17.4,9.9,1005.9
2019-07-14,36.8,25.0,30.9,77.9,6.3,7.7,1004.8
2021-09-18,30.5,20.3,25.4,56.2,0.0,13.0,1009.8
2023-11-07,20.6,12.0,16.3,44.6,0.0,16.6,1018.9
2021-06-11,39.8,28.6,34.2,53.5,0.0,18.2,998.7
2020-05-02,38.8,29.6,34.2,31.1,0.0,,1002.3
2019-11-01,21.1,12.0,16.5,47.8,0.0,24.3,1017.5
2022-05-01,34.0,25.9,30.0,46.9,0.0,8.9,1000.2
2022-11-13,18.0,7.8,12.9,47.0,0.0,19.1,1011.5
2021-06-05,42.2,32.3,37.2,31.0,0.0,,999.6
2022-07-31,38.4,27.6,33.0,95.1,11.7,11.7,1002.2
2021-12-28,22.2,12.2,17.2,38.5,0.0,3.4,1013.1
2021-06-12,39.6,30.4,35.0,47.6,0.0,3.5,999.2
2022-03-13,35.4,23.5,29.4,44.2,0.0,4.1,1007.2
2019-06-12,43.5,34.1,38.8,38.8,0.0,,1003.0
2022-01-20,24.7,11.6,18.2,54.0,2.6,5.2,1019.3
2019-12-16,23.1,12.6,17.8,46.0,0.0,,1013.1
2019-05-12,35.7,27.6,31.7,29.4,0.0,6.7,1004.4
2022-10-26,,8.7,13.9,44.5,0.0,5.8,1012.1
2022-02-01,23.8,15.1,19.4,49.8,0.0,7.5,1009.3
2023-01-04,23.7,12.6,18.1,37.5,0.0,15.1,1015.6
2022-01-16,23.7,10.4,17.0,31.3,0.0,5.3,1009.6
2019-05-07,40.1,32.7,36.4,42.1,0.0,21.1,1000.4
2023-05-11,36.6,26.4,31.5,35.6,0.0,6.7,1006.9
2020-08-19,32.7,20.7,26.7,90.5,18.6,7.9,1006.4
2023-10-04,999.0,15.4,19.8,,0.0,11.5,1009.1
2019-02-28,26.4,18.4,22.4,45.3,0.0,6.6,1013.4
2022-06-04,41.7,31.8,36.7,57.3,4.5,21.3,1002.3
2020-07-03,39.4,30.6,35.0,60.4,0.0,8.5,999.4
2023-03-22,33.8,24.7,29.2,44.2,0.0,11.7,1007.7
2019-11-24,19.3,10.8,15.1,32.5,0.0,9.9,1019.8
2023-04-27,39.7,29.6,34.7,48.7,2.3,14.9,1002.6
2022-06-15,39.8,30.3,35.0,43.1,0.0,7.6,1001.7
2021-07-16,39.4,27.4,33.4,81.1,0.0,8.5,1004.4
2020-01-13,19.8,7.4,13.6,40.1,0.0,6.0,1013.4
2021-05-31,40.1,33.2,36.7,41.1,0.0,7.1,997.6
2022-02-24,28.3,18.9,23.6,36.6,0.0,12.5,1010.7
2023-12-10,20.6,9.8,15.2,47.0,0.0,21.5,1013.8
2021-03-17,31.3,21.9,26.6,47.7,0.0,7.0,1008.0
2021-05-01,37.1,27.5,32.3,,0.0,4.6,998.2
2023-11-18,16.1,5.9,11.0,45.7,0.0,5.3,1017.5
2019-07-18,37.7,27.1,32.4,72.4,0.0,8.9,996.2
2019-03-01,31.0,20.8,25.9,17.9,0.0,3.1,
2019-09-02,,24.5,29.3,79.9,6.4,6.9,1003.6
2019-11-18,20.3,9.9,15.1,44.2,0.0,4.3,1019.0
2023-12-07,20.4,11.3,15.8,45.1,0.0,8.7,1014.2
2021-01-21,23.0,12.2,17.6,31.7,0.0,5.2,1020.0
2021-03-15,33.7,24.1,28.9,42.9,0.0,6.9,1007.2
2022-03-15,30.3,21.5,25.9,41.5,0.0,8.4,1006.1
2021-12-11,19.9,11.1,15.5,38.2,0.0,8.8,1019.1
2019-04-18,36.3,26.0,31.1,35.9,0.0,5.2,998.7
2020-03-03,31.5,24.0,27.8,52.9,2.4,16.4,1008.1
2019-07-30,38.0,27.1,32.5,86.5,18.8,8.4,1003.8
2021-09-07,31.2,,25.4,79.2,1.6,7.6,1012.5
2021-05-05,38.1,29.2,33.6,41.0,0.0,15.2,1001.0
2022-11-25,20.9,10.1,15.5,41.0,0.0,13.0,1012.2
2021-02-09,30.0,17.9,23.9,49.0,0.0,8.0,1010.4
2023-08-15,34.8,23.1,28.9,72.5,0.0,8.0,1003.5
2021-07-20,39.1,26.9,33.0,76.1,7.6,7.8,1001.8
2022-04-15,33.8,24.1,29.0,37.7,0.0,5.2,1004.2
2023-04-28,32.7,25.2,28.9,36.3,0.0,3.3,1003.0
2019-12-01,19.7,10.4,15.1,41.0,0.0,6.7,1013.9
2021-09-26,27.4,18.3,22.9,59.7,3.0,5.5,1012.1
2019-01-07,22.0,11.7,16.8,41.0,0.0,8.1,1016.6
2020-07-22,38.3,27.4,32.8,86.5,0.5,10.3,1000.0
2023-01-16,27.7,14.9,21.3,48.5,0.0,14.9,1014.7
2021-09-13,25.6,16.5,21.0,57.9,0.0,15.0,
2022-10-10,24.5,15.1,19.8,33.6,0.0,5.5,1011.3
2022-09-06,28.3,17.5,22.9,71.3,1.3,12.3,1011.2
2023-06-09,40.9,31.2,36.0,44.9,0.0,17.2,999.8
2023-05-20,39.4,29.6,34.5,41.1,0.0,7.5,998.9
2019-11-29,19.0,8.6,13.8,36.9,0.0,7.2,1020.4
2023-02-12,27.1,16.7,21.9,36.3,0.0,19.9,1013.6
2023-04-07,35.8,27.4,31.6,23.3,0.0,11.6,999.8
2021-10-11,21.7,12.8,17.3,32.2,0.0,8.5,1011.6
2022-10-24,22.1,10.9,16.5,33.1,0.0,3.9,1008.5
2023-10-21,24.6,15.0,19.8,40.4,0.0,18.4,1016.5
2019-08-24,,19.8,25.8,87.8,7.9,13.4,1003.5
2021-05-09,39.8,,35.1,25.8,0.0,9.5,999.4
2019-01-29,25.9,14.0,19.9,46.2,0.0,10.8,1011.1
2020-07-27,35.6,23.5,29.5,77.5,15.0,10.1,1000.7
2019-12-10,20.5,11.0,15.8,29.1,0.0,6.7,1013.4
2021-07-14,41.9,30.6,36.3,61.8,0.0,7.4,1000.4
2021-04-22,39.9,30.9,35.4,24.2,0.0,6.4,998.7
2022-06-18,40.5,28.8,34.7,67.5,4.9,5.7,1003.3
2020-04-23,37.2,27.8,32.5,37.2,0.0,5.2,1002.0
2022-10-21,20.9,11.5,16.2,38.8,0.0,13.6,1010.2
2020-09-24,24.5,17.1,20.8,58.3,6.7,2.6,1007.1
2022-04-18,36.2,,31.6,25.9,0.0,3.4,998.0
2022-06-08,38.5,28.9,33.7,,0.0,8.8,999.8
2023-03-28,31.6,22.9,27.2,40.4,0.0,,999.2
2019-10-29,18.5,9.9,14.2,43.8,0.0,8.6,1014.5
2023-10-01,24.6,14.8,19.7,39.6,0.0,14.1,1012.4
2023-07-05,39.7,27.3,33.5,54.5,0.0,6.9,1007.3
2023-04-01,32.5,23.6,28.0,33.2,0.0,5.4,1000.9
2020-08-25,34.0,23.9,28.9,89.2,18.3,7.2,1004.0
2019-12-24,20.9,11.1,16.0,38.3,0.0,7.9,1015.2
2023-10-29,19.9,11.7,15.8,42.9,0.0,15.7,1014.3
2023-07-27,38.3,25.3,31.8,82.6,19.3,8.8,1003.6
2020-09-23,30.6,22.0,26.3,46.0,0.0,6.2,1011.0
2022-01-30,24.9,12.8,18.9,37.6,0.0,3.1,1011.7
2021-07-27,38.5,27.5,33.0,88.2,46.0,7.3,1002.9
2019-01-02,20.7,7.9,14.3,41.0,0.0,8.3,1012.9
2019-12-02,17.3,8.4,12.8,50.3,3.3,8.8,1015.6
2022-10-08,24.9,16.2,20.6,46.6,0.0,15.3,1012.3
2020-12-10,21.8,10.6,16.2,35.3,0.0,7.1,1013.0
2023-01-07,20.2,8.1,14.1,45.0,9.4,6.9,1014.9
2021-08-29,30.8,21.0,25.9,60.3,0.0,8.7,1004.3
2023-07-13,38.1,26.9,32.5,77.4,,5.0,1002.5
2019-07-07,37.0,25.7,31.3,64.6,0.0,9.8,1003.6
2021-11-13,20.4,13.0,16.7,45.2,0.0,7.6,1020.7
2019-08-20,30.9,22.3,26.6,78.3,0.0,4.2,1002.7
2023-07-03,36.0,26.4,31.2,73.2,0.7,11.7,1003.7
2022-04-29,33.4,23.1,28.2,38.1,0.0,11.9,1006.2
2019-09-06,34.9,25.1,30.0,52.8,0.0,3.7,1006.6
2021-09-04,28.8,19.9,24.4,70.1,2.8,5.6,1012.6
2022-12-01,19.1,10.0,14.5,41.1,0.0,7.3,1020.0
2020-09-27,24.5,16.6,20.6,57.5,0.0,13.4,1010.3
2022-10-27,25.1,16.0,20.5,38.3,0.0,8.9,1017.2
2020-08-29,31.8,22.8,27.3,75.4,0.0,6.0,1002.5
2022-04-07,34.5,25.0,29.8,33.7,0.0,12.7,1000.1
2019-07-06,40.0,28.0,34.0,51.1,0.0,9.2,1003.5
2021-06-21,40.6,28.1,34.4,61.3,17.3,12.2,1002.9
2022-01-29,24.0,13.7,18.9,46.1,0.0,10.8,1010.3
2023-05-13,38.1,27.6,32.9,38.3,0.0,6.2,1000.8
2020-07-19,39.8,27.2,33.5,89.2,,10.2,1002.3
2021-11-06,19.3,9.7,14.5,40.6,0.0,9.3,1020.1
2019-09-10,30.9,23.5,27.2,61.3,0.0,7.2,1008.7
2022-10-22,20.4,12.7,16.5,37.0,0.0,8.5,1009.6
2019-11-13,21.8,9.8,15.8,51.2,0.0,3.8,1016.3
2021-02-26,28.1,18.4,23.3,37.9,0.0,9.5,1012.2
2020-08-31,27.4,17.7,22.6,75.1,0.0,5.2,1009.9
2019-05-04,41.5,30.4,35.9,30.4,0.0,4.8,1003.4
2023-09-05,31.9,21.6,26.8,76.1,1.0,7.0,1005.4
2021-01-22,22.9,9.9,16.4,41.4,,25.5,1014.7
2023-11-23,16.9,7.8,12.3,39.0,0.0,4.5,1011.8
2020-12-03,18.6,7.6,13.1,38.8,0.0,10.7,1015.6
2020-06-01,38.6,28.9,33.7,47.9,0.4,7.8,1000.4
2022-06-21,40.7,30.9,35.8,39.8,0.0,15.6,1004.4
2019-09-01,27.9,18.1,23.0,55.3,0.0,15.6,1007.6
2022-11-18,22.0,12.4,17.2,38.7,0.0,7.0,1017.9
2020-03-24,34.9,25.5,30.2,33.8,0.0,8.6,1004.0
2023-05-21,41.7,31.7,36.7,34.8,0.0,6.8,1002.8
2022-05-25,42.0,32.2,37.1,42.2,0.0,17.8,1001.4
2022-02-10,26.7,15.5,21.1,39.7,0.0,11.6,1013.4
2023-12-03,20.2,9.3,14.7,40.6,0.0,10.7,1011.5
2020-09-06,28.0,18.2,23.1,78.1,6.6,4.8,1006.8
2020-04-22,34.6,26.0,30.3,,0.0,6.5,1002.7
2019-09-20,27.2,18.4,22.8,52.5,0.0,12.8,1009.6
2019-02-27,31.6,21.4,26.5,31.7,0.0,6.3,1008.7
not available,30.0,21.4,25.7,35.4,0.0,7.3,1005.3
2019-09-07,26.7,18.3,22.5,55.3,0.0,10.5,1007.7
2021-06-17,40.6,30.7,35.7,36.4,0.0,6.4,1000.7
2019-01-20,22.8,13.0,17.9,,0.0,5.9,1017.0
2022-07-03,39.1,27.9,33.5,64.0,0.0,5.1,1002.5
2020-08-16,29.3,21.1,25.2,80.2,6.2,3.6,1005.4
2021-09-11,29.1,20.1,24.6,49.0,0.0,6.7,1008.1
2022-11-21,19.2,10.6,14.9,44.4,0.0,9.8,1014.6
2020-04-30,37.6,28.2,32.9,39.3,0.0,5.9,1000.0
2020-02-07,28.6,15.4,22.0,45.4,0.0,11.0,1013.9
2022-08-22,33.4,23.9,28.7,80.0,17.2,14.3,1007.0
2019-12-20,21.9,11.7,16.8,32.5,0.0,6.9,1013.3
2023-12-28,24.1,11.8,18.0,25.4,0.0,19.4,1015.5
2022-09-27,26.1,17.7,21.9,36.9,0.0,14.6,1011.3
2023-04-25,35.2,25.4,30.3,31.7,0.0,8.1,999.7
2021-08-20,30.8,20.9,25.9,78.8,4.0,8.6,1003.3
2019-02-21,30.0,17.9,23.9,39.6,0.0,8.9,1010.4
2020-09-08,29.9,21.2,25.5,49.9,0.0,12.9,1007.1
2022-07-20,35.7,23.0,29.4,,2.7,,999.9
2020-07-24,34.6,23.3,29.0,77.2,0.0,9.8,1004.4
2022-08-19,33.8,22.9,28.3,83.4,8.0,7.0,1005.4
2022-02-11,26.2,16.2,21.2,46.4,0.0,14.9,1010.8
2021-01-30,27.3,15.9,21.6,37.1,0.0,6.1,1007.2
2022-02-22,30.0,19.6,24.8,31.0,0.0,9.1,1014.5
2021-05-24,36.6,26.2,31.4,35.4,0.0,13.3,1000.7
2021-08-06,35.9,25.2,30.6,88.0,11.2,10.6,1003.8
2022-07-11,39.3,26.9,33.1,74.2,21.0,7.8,1001.9
2019-02-12,25.3,14.9,20.1,27.2,0.0,10.0,1015.4
2023-04-26,36.9,28.6,32.7,33.4,0.0,2.8,1002.7
2023-08-13,34.6,25.3,29.9,,0.0,27.4,1002.4
2021-01-20,23.6,12.5,18.0,36.2,0.0,4.8,1010.7
2020-09-07,27.2,17.0,22.1,64.5,0.0,11.0,1008.4
2020-11-09,21.8,11.4,16.6,51.3,8.4,7.3,1009.4
2022-11-01,22.9,14.7,18.8,32.0,0.0,9.4,1013.8
2023-08-20,30.4,19.9,25.2,84.1,2.9,13.1,1004.9
2019-08-16,38.4,25.0,31.7,82.3,19.8,18.2,1003.9
2021-08-14,33.4,22.2,27.8,64.9,0.0,9.7,1007.8
2021-01-25,27.0,14.4,20.7,38.2,0.0,11.3,1011.7
2021-05-11,36.0,27.0,31.5,42.2,0.0,7.3,997.3
2019-06-02,37.7,26.3,32.0,35.3,0.0,6.2,1000.5
2019-12-19,19.8,8.7,14.3,35.9,0.0,6.4,1017.5
2021-01-29,26.2,13.8,20.0,31.6,0.0,7.5,1011.3
2023-04-13,33.3,24.8,29.0,42.9,0.0,9.4,1003.7
2021-12-31,23.9,12.5,18.2,46.5,0.0,11.4,1020.2
2019-04-30,36.3,29.1,32.7,29.3,0.0,9.4,995.4
2023-08-07,35.6,22.9,29.2,98.4,34.0,14.4,1003.3
2021-03-12,29.6,18.5,24.1,49.0,0.3,5.6,1002.2
2023-09-17,30.3,19.3,24.8,52.2,15.3,5.7,1009.6
2022-01-28,24.9,12.3,18.6,36.1,0.0,2.9,1014.1
2022-01-12,22.1,9.3,15.7,51.1,0.9,8.4,1016.0
2021-09-16,26.6,17.7,22.2,53.5,0.0,2.9,1012.3
2020-12-14,20.6,9.6,15.1,,0.0,9.9,
2019-07-21,39.2,30.0,34.6,95.1,8.5,6.6,999.7
2022-07-08,39.4,27.7,33.6,60.4,0.0,13.6,1002.7
2019-03-06,31.7,20.9,26.3,44.6,0.0,8.1,1006.9
2021-07-05,41.5,31.1,36.3,65.4,0.0,10.0,997.5
2019-06-28,38.8,29.3,34.0,58.1,0.0,12.4,1001.2
2022-08-23,30.3,17.3,23.8,89.5,30.9,18.2,1005.2
2021-09-03,32.6,21.9,27.3,65.8,10.0,6.6,1006.8
2023-06-18,41.5,31.9,36.7,50.7,0.0,6.1,1003.9
2021-09-24,26.1,17.8,21.9,46.7,0.0,6.8,1013.3
2020-08-15,37.2,26.0,31.6,81.1,0.0,15.1,1002.1
2022-03-03,32.2,22.0,27.1,34.0,0.0,7.2,1009.5
2019-12-05,22.4,11.8,17.1,34.0,0.0,8.7,1015.4
2023-06-03,39.7,27.8,33.8,32.9,0.0,10.7,1004.1
2019-12-27,20.8,10.0,15.4,46.8,0.0,7.9,1015.3
2023-09-06,28.7,20.3,24.5,53.1,0.0,,1011.4
2022-09-14,26.1,16.0,21.1,53.0,0.0,6.8,1009.1
2021-12-21,20.9,8.4,14.6,41.9,0.0,1.2,1020.5
2020-08-10,32.3,22.9,27.6,,9.1,7.1,1003.1
2021-10-05,26.2,16.6,21.4,45.0,0.0,8.1,1010.6
2022-03-17,29.3,17.5,23.4,37.9,0.0,2.1,1007.5
2022-02-06,24.7,13.5,19.1,34.0,0.0,16.7,1013.1
2021-10-08,26.8,17.5,22.2,36.8,0.0,5.0,1015.6
2019-04-08,33.7,23.5,28.6,35.5,0.0,8.3,1001.7
2019-10-11,24.6,15.3,20.0,39.5,0.0,15.2,1011.7
2021-04-25,38.5,28.0,33.2,32.1,0.0,6.8,1001.8
2023-01-13,19.1,7.2,13.1,47.2,0.0,14.7,1017.1
2022-07-06,35.0,25.0,30.0,63.7,0.0,5.2,1008.1
2023-01-29,25.7,13.4,19.5,44.2,0.0,9.4,1014.7
2022-07-29,32.0,21.2,26.6,89.3,18.2,4.3,1004.8
2020-03-18,31.7,24.1,27.9,32.8,0.0,4.2,1008.4
2022-03-06,27.9,,22.9,41.2,0.0,9.3,1011.2
2019-06-13,37.9,29.0,33.4,39.4,0.0,9.5,996.4
2021-01-13,,7.7,13.9,36.8,0.0,,1013.3
2020-02-29,27.0,18.1,22.5,35.5,0.0,6.5,1010.0
2021-07-12,38.2,25.9,32.0,82.2,8.1,7.1,1001.6
2021-08-23,29.8,19.6,24.7,,11.4,7.3,1006.9
2022-03-20,32.5,21.9,27.2,44.2,0.0,5.8,1005.2
2022-08-29,32.3,21.7,27.0,88.5,7.3,7.1,1006.7
2021-04-05,33.6,26.4,30.0,35.6,0.0,8.8,1005.0
2019-05-13,39.8,30.9,35.3,28.1,0.0,6.0,1001.6
2022-12-03,17.9,8.9,13.4,45.3,0.0,10.7,1018.7
2020-08-07,35.9,25.8,30.9,90.0,38.9,10.5,1007.9
2021-03-26,33.5,24.4,28.9,36.2,0.0,20.7,1002.8
2019-05-24,40.4,30.1,35.3,27.6,0.0,6.9,997.5
2021-10-24,22.2,12.9,17.6,39.4,0.0,9.0,1014.6
2022-04-08,35.2,28.2,31.7,45.6,0.0,17.8,1001.0
2023-10-22,24.4,13.3,18.9,44.7,0.0,4.5,1011.7
2023-02-13,26.4,15.7,21.1,37.2,0.0,5.5,1011.3
2023-07-29,37.1,24.6,30.9,75.3,0.0,9.8,998.9
2021-05-26,,29.6,34.8,35.0,0.0,5.2,996.0
2020-01-16,23.5,12.0,17.7,31.4,0.0,6.5,1014.8
2022-12-21,20.6,9.0,14.8,43.9,0.0,6.0,1017.8
2019-11-11,21.9,12.8,17.3,50.3,0.0,5.0,1017.7
2023-08-08,32.3,21.5,26.9,87.2,16.1,10.1,1000.2
2019-12-26,20.8,9.9,15.4,40.0,0.0,12.7,1012.6
2022-06-10,41.5,31.2,36.4,41.0,0.0,17.2,1002.0
2020-11-16,20.2,9.1,14.6,37.8,0.0,9.4,1014.9
2021-01-26,22.9,11.4,17.1,31.0,0.0,14.3,1011.1
2022-08-05,34.6,23.0,28.8,87.7,31.3,4.4,1007.2
2020-09-04,27.8,17.0,22.4,54.8,1.8,12.0,1008.2
2023-03-04,28.8,19.8,24.3,30.3,0.0,14.8,1011.4
2021-11-19,24.7,14.9,19.8,35.8,0.0,4.9,1012.3
2022-05-03,35.9,26.6,31.3,35.8,0.0,14.1,998.1
2020-11-18,23.2,13.0,18.1,35.6,0.0,3.6,1014.8
2019-01-08,22.1,10.2,16.1,40.6,0.0,4.6,1013.0
2021-08-31,31.6,22.2,26.9,59.6,0.0,13.0,1006.9
2023-11-01,21.6,11.2,16.4,47.1,0.0,6.8,1013.2
2022-03-02,29.2,19.4,24.3,42.7,0.0,6.0,1005.4
2021-12-18,20.7,11.4,16.0,40.5,0.0,13.2,1016.7
2022-07-19,39.9,27.7,33.8,67.9,0.0,5.8,1007.1
2019-08-27,29.5,19.7,24.6,76.2,16.6,5.3,
2019-03-20,33.5,23.5,28.5,32.0,0.0,3.2,1007.1
2021-06-14,42.6,31.0,36.8,43.1,0.0,7.2,997.3
2021-04-13,35.1,25.7,30.4,30.6,0.0,5.2,1004.0
2019-04-27,37.1,29.3,33.2,26.7,0.0,8.3,1005.1
2019-11-20,21.5,11.9,16.7,40.9,0.0,6.9,1015.1
2022-01-26,24.8,12.8,18.8,36.3,0.0,8.0,1015.3
2020-03-15,32.6,22.3,27.5,37.5,0.0,11.9,1013.8
2020-07-02,40.6,29.7,35.2,77.6,6.3,9.5,1000.6
2019-06-23,38.8,25.9,32.3,43.9,0.0,8.3,999.1
2023-03-14,29.1,19.4,24.3,,0.0,8.1,1005.8
2021-12-17,20.2,9.7,14.9,48.6,0.0,10.6,1013.9
2023-09-25,26.8,16.6,21.7,68.9,12.6,10.3,1008.6
2023-12-02,18.9,9.9,14.4,46.4,0.0,6.2,1013.4
2022-08-08,39.9,25.9,32.9,92.8,0.0,7.9,1004.2
2020-02-19,27.8,16.1,21.9,38.5,0.0,2.8,1014.2
2021-09-12,29.5,20.3,24.9,56.0,16.5,2.5,1007.2
2021-04-30,37.8,27.1,32.5,35.1,0.0,7.1,999.0
2019-06-14,41.7,31.1,36.4,43.9,0.0,5.7,999.0
2022-11-29,20.9,11.5,16.2,43.1,0.0,11.4,1021.8
2022-04-09,37.9,30.1,34.0,27.1,0.0,4.0,1001.9
2022-04-03,35.8,25.7,30.7,38.8,0.0,7.6,1006.8
2021-04-11,37.7,29.6,33.6,27.9,0.0,5.5,1007.1
2022-05-02,33.6,,29.3,37.3,0.0,9.8,999.1
2023-04-09,35.0,25.5,30.3,39.7,0.0,4.8,1000.0
2020-01-22,25.6,12.5,19.1,60.9,10.1,23.6,1012.6
2019-05-03,37.9,29.7,33.8,46.8,0.4,18.0,1001.8
2019-04-06,32.5,22.4,27.5,37.0,0.0,3.2,1008.6
2022-07-12,42.6,30.7,36.7,75.1,19.4,9.3,998.9
2019-02-15,27.2,17.2,22.2,27.3,0.0,9.9,1015.0
2023-05-06,34.1,24.8,29.5,31.3,0.0,9.9,1000.7
2022-03-04,24.5,16.0,20.2,36.4,0.0,3.5,1006.1
2020-01-18,21.2,,14.9,31.0,0.0,7.7,1016.0
2023-02-25,28.1,16.3,22.2,38.6,0.0,14.7,1003.8
2019-07-10,42.1,30.6,36.4,67.2,0.0,8.7,1005.4
2022-01-10,24.4,11.9,18.1,42.9,0.0,5.4,1016.0
2020-12-28,,12.8,17.2,33.4,0.0,2.8,1018.7
2022-02-09,28.6,17.7,23.1,46.0,,3.2,1009.0
2023-06-02,41.0,29.2,35.1,42.3,0.0,10.5,996.4
2019-02-08,24.8,13.6,19.2,47.5,6.3,5.9,1009.0
2022-03-25,33.4,24.6,29.0,32.2,0.0,11.8,1005.0
2022-07-27,38.6,26.7,32.7,90.3,2.4,22.0,1002.6
2019-09-13,29.9,20.0,25.0,58.3,,10.7,1010.9
2019-04-02,34.4,24.2,29.3,32.2,0.0,4.0,1008.0
2020-12-26,23.7,12.9,18.3,44.4,0.0,5.4,1018.5
2020-11-28,17.3,9.3,13.3,48.6,0.0,8.9,1017.2
2023-06-27,40.0,28.6,34.3,66.1,0.0,16.4,1002.9
2021-11-21,23.1,12.7,17.9,50.2,0.0,5.2,1014.8
not available,22.2,12.1,17.2,38.3,0.0,6.6,1017.4
2022-12-31,22.6,12.8,17.7,38.9,0.0,9.3,1014.3
2021-03-03,30.0,20.8,25.4,32.8,0.0,12.3,1010.9
2020-01-06,22.1,10.9,16.5,37.5,0.0,17.0,1013.7
2023-09-16,25.0,16.2,20.6,69.2,4.6,8.4,1009.1
2023-10-12,22.5,12.7,17.6,42.4,0.0,8.7,1015.5
2020-08-08,39.3,26.8,33.0,88.1,11.4,8.3,1005.6
2023-04-10,34.5,25.5,30.0,36.1,0.0,14.2,1006.7
2020-07-06,39.8,28.4,34.1,83.9,8.3,9.2,1001.5
2020-08-14,33.9,23.9,28.9,98.4,5.8,13.6,1004.6
2020-09-18,26.8,16.9,21.8,64.3,2.6,9.2,1007.9
2021-07-31,37.7,25.5,31.6,89.1,19.1,6.0,1001.5
2023-02-19,27.6,17.5,22.6,-9999.0,0.0,6.8,1015.7
2020-02-28,26.9,15.7,21.3,37.2,0.0,8.1,1008.6
2019-12-14,20.7,11.6,16.2,38.5,0.0,8.9,1012.9
2021-02-07,22.9,13.5,18.2,41.0,0.0,8.8,1009.9
2020-02-26,26.8,17.4,22.1,44.0,0.0,8.1,1009.6
2021-06-27,39.9,29.0,34.4,59.5,11.0,15.0,1003.6
2021-06-18,37.1,26.9,32.0,56.4,4.6,7.8,1001.1
2023-03-17,33.1,23.4,28.2,41.1,0.0,7.6,1004.5
2023-02-01,24.7,12.3,18.5,46.9,0.0,13.0,1014.8
2022-01-27,23.7,,17.6,37.0,0.0,5.5,1014.0
2023-05-17,39.1,30.7,34.9,30.1,0.0,11.7,1001.4
2022-11-12,24.8,14.8,19.8,35.8,0.0,13.0,1013.9
2019-10-24,,13.9,18.0,43.7,,6.5,1010.3
2021-08-21,32.3,22.3,27.3,83.4,6.1,6.3,1002.6
2019-04-26,36.3,27.2,31.7,50.4,0.0,4.5,997.5
2023-11-13,21.5,10.7,16.1,42.2,0.0,3.8,1014.6
2023-04-20,36.1,28.0,32.0,38.3,0.0,12.8,1001.3
2020-04-13,38.3,28.1,33.2,37.1,0.0,13.7,1005.7
2020-11-19,19.3,9.7,14.5,38.1,0.0,7.3,1018.7
2019-10-07,24.5,15.9,20.2,48.0,1.6,13.7,1011.0
2020-03-26,32.3,24.3,28.3,26.7,0.0,8.8,1005.6
2020-06-23,39.2,27.0,33.1,51.2,0.0,10.0,1000.0
2022-09-12,28.5,18.1,23.3,44.4,0.0,4.0,1011.7
2021-09-06,30.5,20.6,25.6,67.1,0.0,12.0,1011.4
2021-11-04,21.9,13.8,17.8,32.7,0.0,12.2,1011.4
2020-05-29,42.0,30.8,36.4,35.8,0.0,7.7,1000.9
2020-04-27,38.2,27.9,33.1,58.1,0.7,7.5,999.5
2020-07-28,36.9,25.9,31.4,82.4,0.0,22.3,1005.1
2022-01-02,22.3,11.8,17.1,51.9,2.4,4.7,1013.3
2021-12-01,20.0,9.8,14.9,42.1,0.0,,1020.1
2022-06-03,36.7,27.7,32.2,41.7,0.0,9.4,992.8
2022-01-22,23.3,11.9,17.6,42.8,0.0,8.0,1014.5
2020-01-23,26.1,12.6,19.3,38.5,0.0,13.6,1011.7
2021-01-17,24.7,12.5,18.6,38.6,0.0,19.6,1016.0
2019-07-22,38.1,26.1,32.1,89.2,22.3,15.4,1003.5
2020-05-17,38.0,28.4,33.2,47.0,0.0,11.2,1001.8
2020-06-12,39.9,30.8,35.4,49.4,0.0,3.1,997.9
2022-11-23,21.1,10.7,15.9,35.7,0.0,10.5,1016.6
2022-04-14,33.8,24.8,29.3,47.3,0.0,14.2,1000.6
2019-04-20,34.2,23.6,28.9,27.2,0.0,4.1,1002.9
2019-05-23,35.4,26.4,30.9,39.8,0.0,10.0,1001.0
2021-02-22,29.0,20.1,24.6,36.3,0.0,7.0,1009.9
2021-06-22,42.1,32.8,37.4,43.3,0.0,9.9,1002.8
2020-02-06,26.5,14.9,20.7,,0.0,3.5,1010.1
2019-06-08,38.7,29.5,34.1,41.9,0.0,4.6,998.9
2021-02-13,26.6,16.4,21.5,54.0,1.9,6.2,1010.4
2022-12-19,19.0,10.4,14.7,39.4,0.0,4.5,1014.8
2022-09-17,27.7,19.8,23.7,55.7,0.0,8.7,1007.9
2020-07-25,37.0,25.6,31.3,96.8,21.5,10.7,1007.8
2023-02-17,31.0,20.4,25.7,49.1,0.0,10.4,1011.6
2023-04-06,34.2,23.3,28.8,33.6,0.0,11.4,1008.0
2023-07-14,36.4,23.7,30.0,79.3,18.9,7.9,1002.3
2019-08-03,35.8,23.7,29.7,74.6,0.0,8.2,999.9
2021-02-17,28.1,16.4,22.2,46.1,0.0,7.2,1009.3
2022-11-02,20.5,11.5,16.0,34.7,0.0,15.4,1009.9
2021-04-26,42.7,34.1,38.4,44.3,0.0,8.4,998.0
2023-08-14,32.7,22.6,27.7,75.0,0.0,13.3,1001.5
2021-10-06,25.0,16.1,20.5,42.5,0.0,3.4,1008.4
2019-11-27,22.8,12.8,17.8,44.2,0.0,14.5,1017.2
2021-11-02,22.5,14.2,18.3,36.9,0.0,4.6,1013.8
2022-05-04,40.2,31.5,35.9,45.0,0.0,5.8,1001.4
2023-06-08,38.5,28.8,33.6,47.0,0.0,10.0,1003.3
2022-09-10,30.9,20.5,25.7,55.4,0.0,7.5,1002.5
2020-03-04,27.8,16.9,22.3,47.7,0.0,10.0,1006.6
2020-12-13,18.7,7.8,13.3,29.4,0.0,10.9,1019.5
2021-05-06,39.3,29.2,34.3,36.3,0.0,6.1,1004.3
2023-12-14,20.3,10.1,15.2,40.5,0.0,2.6,1015.3
2022-02-16,24.6,12.1,18.4,44.3,0.0,10.6,1009.0
2022-08-18,34.5,24.9,29.7,70.9,0.0,16.2,999.4
2020-09-29,22.7,14.8,18.8,47.2,0.0,6.5,
2023-01-10,23.1,11.1,17.1,53.5,5.3,12.3,1015.6
2022-10-29,20.2,13.0,16.6,46.7,0.0,14.5,1013.9
2023-07-15,39.8,27.1,33.5,74.4,6.6,6.7,1004.3
2020-08-18,32.2,22.0,27.1,62.4,0.0,7.1,1009.7
2019-08-26,31.6,21.1,26.4,82.3,9.5,6.1,1010.2
2020-03-23,32.5,22.4,27.5,46.7,0.0,13.0,1008.3
2021-12-08,19.2,10.0,14.6,40.4,0.0,15.3,1015.9
2023-11-17,21.1,10.2,15.6,42.6,0.0,6.3,1019.0
2019-08-04,37.9,26.1,32.0,77.6,3.1,10.9,1006.3
2020-05-31,40.0,32.3,36.2,53.2,5.8,6.6,1001.8
2020-07-17,37.0,25.1,31.0,65.3,0.0,8.3,999.4
2022-01-06,23.5,11.8,17.6,35.3,0.0,5.4,1015.9
2021-01-28,26.2,,20.2,46.3,0.0,7.3,1017.0
2019-09-30,24.3,16.9,20.6,43.4,0.0,9.7,1006.6
2021-07-22,41.3,28.6,34.9,96.8,20.7,13.9,1003.4
2020-09-30,25.9,17.4,21.7,45.8,0.0,9.0,1015.8
2023-11-11,22.2,10.5,16.4,50.7,0.0,4.7,1017.8
2019-05-20,44.8,34.9,39.9,52.5,9.5,5.2,1000.1
2022-02-05,25.3,14.2,19.7,37.0,0.0,12.3,1012.1
2021-12-07,18.1,7.9,13.0,52.6,0.0,13.3,1017.7
2019-08-20,30.9,22.3,26.6,78.3,0.0,4.2,1002.7
2022-11-11,999.0,9.9,15.1,31.1,0.0,13.2,1016.1
2021-02-20,27.6,17.4,22.5,41.2,13.7,3.0,1010.2
2023-10-19,21.7,12.1,16.9,46.7,0.0,5.7,1010.6
2023-09-03,30.0,18.9,24.5,78.7,13.3,22.3,1002.9
2020-11-05,22.6,12.9,17.7,40.4,0.0,8.7,1019.7
2021-03-30,31.5,22.5,27.0,47.2,2.4,2.0,1002.1
2021-03-10,30.5,21.0,25.8,44.6,0.0,13.8,1006.9
2020-10-08,25.2,15.8,20.5,41.1,0.0,9.8,1011.9
2020-03-07,31.2,21.2,26.2,31.2,0.0,4.0,1008.2
2022-12-28,22.1,9.8,15.9,45.9,0.0,7.6,1016.1
2022-05-09,37.4,27.2,32.3,33.0,0.0,1.9,1000.9
2022-04-25,38.8,29.6,34.2,45.4,0.0,15.4,999.7
2021-01-19,22.4,10.1,16.3,49.1,0.0,11.1,1014.4
2023-04-04,32.0,22.6,27.3,43.2,0.0,8.1,1006.4
2022-07-04,42.0,30.0,36.0,67.6,0.0,7.1,1005.3
2022-02-04,24.3,12.6,18.5,45.7,0.0,11.4,1011.3
2022-01-14,23.4,14.3,18.8,56.1,1.9,7.6,1013.6
2023-03-18,28.3,19.8,24.0,29.3,0.0,8.1,1004.8
2021-10-10,20.9,11.8,16.3,42.8,0.0,16.6,1015.9
2023-08-03,33.7,21.1,27.4,82.3,0.0,11.4,1004.0
2021-11-20,17.7,8.0,12.8,26.4,0.0,7.2,
2020-11-13,23.0,12.8,17.9,44.7,0.0,5.1,1013.9
2021-01-03,22.3,9.5,15.9,36.2,0.0,9.5,1015.7
2020-09-03,30.6,20.5,25.5,79.6,6.6,8.1,1009.0
2022-11-19,22.1,12.2,17.1,50.2,0.0,6.8,1015.2
2022-02-19,28.9,18.5,23.7,39.1,0.0,6.7,1011.1
2022-06-29,39.5,29.0,34.2,62.0,4.5,7.7,1003.2
2021-12-03,20.4,11.2,15.8,40.2,0.0,15.3,1018.0
2020-12-21,20.4,10.1,15.3,33.0,0.0,11.3,1012.2
2019-05-09,37.5,28.1,32.8,30.7,0.0,10.2,1001.9
2019-01-09,22.8,10.7,16.8,49.9,0.0,18.0,1015.2
2019-11-08,21.9,11.8,16.8,42.4,0.0,5.2,1017.5
2021-11-09,21.1,11.3,16.2,37.7,,18.3,1013.5
2022-02-26,28.9,19.4,24.1,45.5,0.0,9.6,1011.2
2023-01-24,,14.3,19.9,69.8,10.4,4.7,1016.5
2023-11-27,19.6,10.6,15.1,28.6,0.0,10.8,1016.4
2020-06-10,42.6,32.5,37.6,40.1,0.0,10.1,996.9
2022-07-28,36.8,24.6,30.7,88.1,9.9,10.2,1001.3
2023-09-11,27.0,17.2,22.1,75.7,9.4,22.1,1006.2
2019-07-26,36.1,23.8,29.9,74.4,0.0,12.3,1001.9
2023-10-15,21.9,13.5,17.7,40.2,,15.3,1009.6
2019-04-16,35.4,,31.1,30.7,0.0,7.0,1002.8
2020-12-17,17.5,7.4,12.4,41.6,,7.0,1016.1
2023-05-29,39.3,29.1,34.2,33.4,0.0,9.5,994.9
2021-07-24,37.8,27.7,32.8,72.2,0.0,4.4,997.9
2023-03-12,31.1,22.0,26.6,35.1,0.0,11.7,1003.8
2019-07-23,38.6,27.3,33.0,84.7,9.9,3.8,998.9
2019-02-24,27.9,17.0,22.4,49.2,0.0,3.9,1008.9
2022-09-16,30.7,22.3,26.5,50.0,,8.1,1008.6
2020-05-03,36.8,27.2,32.0,33.3,0.0,8.9,1002.7
2020-06-24,37.4,25.4,31.4,61.3,0.0,11.6,998.6
2022-04-11,,23.9,28.6,32.7,0.0,6.2,1003.9
2021-02-05,26.1,14.6,20.4,33.0,0.0,5.6,1009.9
2022-05-29,42.1,31.5,36.8,34.3,0.0,9.9,
2020-11-10,20.6,10.5,15.5,43.7,5.9,14.3,1016.4
2019-07-09,42.2,30.5,36.3,74.1,36.7,8.1,999.4
2019-04-19,37.2,,33.4,40.6,0.0,0.9,1004.2
2020-06-21,42.2,31.1,36.7,52.5,0.0,17.5,1004.0
2023-02-03,24.1,14.5,19.3,40.2,0.0,12.4,1015.3
2023-06-20,38.0,,33.2,54.8,0.2,4.3,998.5
2020-06-05,38.0,28.8,33.4,35.4,0.0,9.2,996.3
2021-07-04,41.8,29.9,35.9,55.1,0.0,17.2,1003.9
2020-07-04,40.3,28.5,34.4,72.0,0.0,8.2,1002.9
2019-01-23,26.3,14.9,20.6,38.0,0.0,14.1,
2023-11-28,20.6,10.5,15.6,140.0,0.0,16.8,1017.7
2020-01-12,22.6,10.8,16.7,45.5,0.0,8.4,1010.9
2021-01-06,24.3,11.5,17.9,30.1,0.0,3.9,1019.6
2023-03-20,34.2,26.1,30.1,29.2,0.0,7.7,1008.7
2020-08-17,30.0,21.4,25.7,87.9,10.7,8.2,1005.6
2023-06-28,40.4,27.4,33.9,66.0,9.5,24.3,1001.6
2019-07-25,37.1,25.9,31.5,,10.3,18.1,1004.0
2019-04-04,33.5,25.8,29.6,25.3,0.0,7.5,1003.7
2021-03-18,29.5,20.1,24.8,41.6,0.0,10.0,1004.4
2019-08-13,34.7,23.2,29.0,89.6,29.1,4.2,
2022-12-23,20.3,10.3,15.3,33.4,0.0,9.7,1014.9
2022-07-25,33.9,21.8,27.8,89.1,32.1,8.2,1003.1
2023-05-08,36.1,28.0,32.1,27.8,0.0,9.9,996.5
2022-10-03,26.3,17.4,21.8,44.8,0.0,3.1,1012.6
2020-03-16,31.6,21.5,26.5,40.4,0.0,5.1,1010.1
2023-07-12,38.2,26.6,32.4,64.9,0.0,5.7,1000.1
2020-08-11,35.3,23.4,29.4,73.8,0.0,12.7,1008.1
2020-03-22,34.8,24.8,29.8,36.1,-5.0,5.5,1006.7
2023-03-24,32.6,23.2,27.9,41.3,0.0,6.7,1007.1
2022-06-07,41.1,30.0,35.5,40.4,0.0,6.3,996.9
2019-04-03,33.3,24.5,28.9,40.5,0.0,21.4,1001.2
2020-07-21,36.8,24.7,30.8,76.4,1.1,17.3,1001.1
2022-05-19,40.4,29.9,35.1,48.3,0.0,4.5,997.1
2019-09-28,24.8,14.8,19.8,49.2,0.0,18.9,1009.6
2022-07-09,40.2,27.5,33.8,54.3,0.0,8.8,1000.2
2023-07-24,35.8,25.0,30.4,100.0,15.1,7.1,1005.5
2022-07-24,37.6,25.9,31.8,81.5,0.0,7.7,1002.7
2019-03-17,33.4,22.9,28.1,35.6,0.0,9.8,1010.3
2021-02-16,28.0,17.3,22.7,36.2,0.0,4.9,1011.9
2023-01-14,23.2,10.8,17.0,45.4,0.0,7.8,1017.2
2020-10-16,24.8,14.0,19.4,29.7,0.0,8.6,1013.5
2022-10-23,25.4,15.2,20.3,41.5,0.0,8.5,1018.3
2023-12-25,19.8,,15.1,36.3,0.0,9.7,1014.8
2022-12-14,22.5,13.0,17.7,59.3,1.4,,1017.3
2020-12-08,21.2,10.9,16.0,30.1,0.0,12.5,1017.0
2022-12-27,25.0,14.7,19.9,44.2,,9.5,1014.8
2020-07-14,37.7,27.5,32.6,68.2,0.0,7.2,1002.4
2023-02-21,29.0,19.8,24.4,42.2,3.2,1.4,1011.8
2022-09-09,27.8,18.1,22.9,55.9,0.0,8.3,1008.6
2021-07-26,37.5,25.0,31.3,97.0,61.4,4.4,1003.7
2022-08-12,36.7,25.5,31.1,,2.7,7.7,1005.4
2023-07-28,35.7,24.2,29.9,96.0,19.2,9.3,1006.1
not available,22.5,14.1,18.3,51.9,0.0,10.1,1013.7
2021-08-13,36.3,26.2,31.3,89.7,15.7,20.9,1006.6
2021-05-16,36.6,27.3,32.0,33.1,0.0,14.9,995.7
2019-09-04,27.1,19.2,23.1,74.8,1.6,5.1,1007.3
2022-12-26,21.3,9.6,15.4,39.5,0.0,10.9,1015.5
2022-08-07,36.2,25.3,30.7,92.7,25.0,7.9,1004.2
2020-04-14,34.6,24.7,29.6,28.3,0.0,13.6,1002.2
2021-05-04,39.2,28.8,34.0,34.2,0.0,16.5,1000.9
2023-12-22,21.9,11.3,16.6,45.0,0.0,,1015.7
2023-08-06,34.2,22.9,28.6,73.5,0.0,6.6,1004.5
2021-03-20,33.1,22.5,27.8,,0.0,9.9,1006.6
2022-10-14,23.2,13.1,18.2,39.4,0.0,5.4,1013.9
2019-05-11,38.4,28.3,33.4,35.5,0.0,1.8,1000.5
2021-04-27,39.1,29.6,34.3,35.2,0.0,8.6,
2023-03-19,30.5,20.6,25.5,34.8,0.0,10.3,1006.9
2021-02-21,31.6,20.4,26.0,41.4,0.0,4.2,1009.4
2023-06-23,40.5,29.6,35.1,42.0,0.0,7.9,999.9
2021-08-02,37.1,24.9,31.0,75.2,0.0,15.0,1005.8
2019-01-25,23.4,12.4,17.9,36.5,0.0,19.2,1010.9
2020-08-06,33.0,22.5,27.8,83.4,10.0,10.7,1007.2
2020-01-27,24.7,13.3,19.0,34.7,0.0,9.4,1012.6
2019-12-09,19.8,10.5,15.2,40.1,0.0,4.0,1012.0
2022-03-03,32.2,22.0,27.1,34.0,0.0,7.2,1009.5
2023-01-31,24.8,14.1,19.4,40.6,0.0,10.3,1011.2
2023-05-16,40.2,29.8,35.0,36.8,0.0,8.2,999.2
2023-07-31,36.6,25.4,31.0,90.0,0.0,16.3,1008.4
2020-02-11,25.7,16.2,20.9,42.3,0.0,4.2,1012.1
2021-03-07,32.6,21.3,27.0,36.7,0.0,5.9,1012.8
2019-01-26,24.0,12.3,18.1,65.6,13.2,6.3,
2019-06-05,42.9,33.5,38.2,36.8,0.0,15.4,998.7
2023-10-10,21.9,12.0,16.9,43.8,0.0,,1011.9
2021-11-25,20.9,11.0,15.9,39.2,0.0,5.8,1013.0
2022-03-09,28.3,17.3,22.8,36.7,0.0,14.1,1007.6
2023-12-13,20.2,10.0,15.1,40.5,0.0,5.3,1020.1
2021-11-18,19.9,11.3,15.6,58.4,0.6,7.2,1013.5
2020-06-26,39.8,29.8,34.8,61.2,0.0,8.8,997.8
2019-08-25,28.2,17.7,23.0,,34.4,11.8,1010.5
2021-10-03,26.6,16.5,21.5,62.1,6.1,10.2,1009.6
2022-11-26,18.3,8.7,13.5,31.8,0.0,29.4,1018.7
2022-09-22,25.5,17.2,21.4,,0.0,15.9,1011.9
2020-12-07,18.5,8.2,13.4,38.6,0.0,5.7,1016.0
2023-12-04,18.9,9.1,14.0,40.1,0.0,10.4,1018.7
2020-03-21,29.2,20.9,25.1,35.3,0.0,4.8,1005.9
2023-11-19,18.3,8.9,13.6,36.0,0.0,5.8,1015.5
2023-07-06,41.7,29.8,35.7,71.9,12.5,17.7,
2021-05-30,40.4,30.3,35.3,42.3,0.0,7.4,1001.0
2021-06-23,38.2,28.7,33.4,64.1,9.9,7.5,1001.4
2022-04-19,35.1,26.2,30.7,33.2,0.0,7.1,1003.2
2023-06-26,40.9,31.4,36.1,63.4,7.5,13.2,1000.7
2019-06-29,40.8,28.6,34.7,45.4,0.0,7.1,1003.1
2021-08-05,30.2,19.3,24.8,98.1,9.6,8.9,1001.7
2022-02-07,29.5,16.6,23.0,34.7,0.0,13.4,1012.1
2020-09-21,22.4,13.0,17.7,52.2,3.5,4.9,1011.0
2023-07-08,38.2,26.2,32.2,58.6,0.0,11.5,998.2
2023-08-17,34.9,24.6,29.7,-9999.0,0.0,7.3,1006.1
2021-06-03,37.9,28.1,33.0,53.6,0.0,2.7,1004.9
2019-01-11,24.5,12.6,18.6,47.0,0.0,10.5,1015.2
2019-12-21,23.7,10.9,17.3,50.6,0.0,6.8,1014.8
2019-03-09,28.5,20.9,24.7,29.3,0.0,14.6,1007.7
2022-04-28,36.1,27.1,31.6,31.2,0.0,14.5,1002.7
2023-01-11,24.8,13.2,19.0,35.8,0.0,6.9,1012.4
2019-05-26,38.7,29.5,34.1,31.7,0.0,9.4,997.2
2023-01-22,23.8,13.1,18.5,30.6,0.0,8.3,1013.1
2020-02-20,27.7,18.2,23.0,30.7,0.0,6.2,1004.5
2020-01-28,23.6,12.8,18.2,35.7,0.0,3.0,1015.4
2020-05-21,43.9,34.2,39.1,22.4,0.0,8.4,998.2
2019-10-28,,14.5,20.2,34.3,0.0,10.7,1011.8
2020-06-07,40.0,29.2,34.6,42.7,0.0,6.0,996.0
2023-11-12,17.3,9.4,13.3,,0.0,23.1,1014.8
2022-10-02,21.6,13.8,17.7,51.5,0.0,8.1,1009.0
2020-03-13,29.1,19.8,24.4,44.3,0.0,8.9,1003.9
2023-06-30,39.6,30.4,35.0,73.9,7.6,7.4,1003.3
2019-02-25,28.1,16.5,22.3,35.6,0.0,,1007.3
2019-05-19,42.5,33.8,38.2,29.9,0.0,4.0,1005.8
2023-02-08,24.1,13.0,18.5,39.7,0.0,7.6,1014.8
2019-07-15,,25.6,31.1,79.8,10.9,3.9,1001.6
2023-02-11,28.6,18.5,23.5,43.1,0.0,7.7,1011.2
2020-03-25,32.2,26.0,29.1,33.9,0.0,2.8,1005.8
2020-06-30,39.9,28.9,34.4,72.7,1.2,18.3,999.6
2021-09-15,27.4,17.9,22.7,,0.0,8.7,1007.1
not available,24.6,13.3,19.0,49.9,0.8,4.7,1016.8
2021-08-27,31.9,21.1,26.5,93.4,9.0,7.4,1004.1
2021-11-29,21.8,12.4,17.1,38.7,0.0,21.9,1014.2
2022-09-28,,14.4,19.1,34.5,0.0,3.2,1008.4
2019-06-24,37.3,27.0,32.2,50.1,0.0,3.9,999.0
2019-09-12,28.3,18.3,23.3,59.4,0.0,11.2,1009.6
2020-01-21,23.1,10.3,16.7,38.8,0.0,7.7,1016.3
2023-09-22,26.3,18.2,22.2,49.8,22.5,9.2,1011.1
2020-12-12,20.7,12.0,16.4,40.8,0.0,6.0,1014.2
2021-04-17,38.0,30.4,34.2,40.3,0.0,5.4,1004.5
2023-10-11,25.2,15.5,20.4,55.2,0.0,8.0,1012.4
2023-09-27,25.6,16.6,21.1,51.5,0.5,11.7,1011.1
2019-03-31,33.0,26.9,30.0,35.5,0.0,9.9,1004.2
2022-05-06,40.8,,36.0,37.9,0.0,7.5,996.5
2021-12-30,19.9,9.6,14.7,40.0,0.0,3.8,1013.6
2023-09-01,31.8,20.3,26.0,62.2,0.0,15.2,1003.7
2019-01-01,22.6,10.6,16.6,41.3,0.0,13.3,1016.1
2022-07-07,40.3,29.7,35.0,69.4,0.0,11.5,1001.7
2021-04-02,32.1,22.7,27.4,43.7,0.0,27.7,1009.3
2020-09-05,30.4,20.8,25.6,58.5,0.0,5.5,1007.6
2021-10-26,24.5,13.8,19.2,42.6,0.0,3.9,1014.3
2019-02-09,27.5,16.5,22.0,36.9,0.0,13.8,1013.4
2022-04-02,34.8,25.5,30.1,32.2,0.0,9.0,1005.5
2021-10-09,23.6,13.4,18.5,38.5,0.0,9.1,1009.8
2021-08-01,38.8,26.7,32.8,79.0,0.0,10.8,999.1
2020-10-27,18.2,9.8,14.0,44.6,0.0,11.9,1014.4
2020-03-28,36.7,28.0,32.4,39.9,0.0,13.2,1004.7
2021-02-19,27.1,17.7,22.4,39.2,0.0,7.3,1012.6
2019-06-27,40.2,29.0,34.6,59.2,0.0,19.0,1003.3
2019-05-17,39.6,30.5,35.0,37.6,0.0,10.6,1004.6
2019-12-03,19.4,8.2,13.8,43.7,0.0,12.2,1014.1
2019-04-29,40.2,31.6,35.9,34.9,0.0,11.7,998.8
2023-12-19,19.9,10.7,15.3,32.0,0.0,10.0,1017.7
2021-07-11,39.1,27.7,33.4,67.8,0.0,17.5,999.6
2023-12-31,22.9,11.5,17.2,49.7,0.0,17.1,1015.9
2019-12-18,22.3,11.3,16.8,27.7,0.0,20.3,1014.3
2020-09-16,28.2,19.3,23.7,54.8,0.0,5.4,1009.1
2019-07-12,38.5,,32.4,69.0,0.0,15.1,1001.0
2022-06-02,40.2,,34.7,42.6,0.0,9.2,996.8
2019-05-16,36.9,28.2,32.6,45.6,0.0,8.4,1004.6
2020-04-05,35.5,25.8,30.6,35.3,0.0,14.0,1001.3
2019-02-11,27.8,16.4,22.1,47.2,2.2,11.7,1014.7
2020-12-24,18.6,7.2,12.9,44.9,0.0,9.0,1016.9
2020-11-29,19.2,7.6,13.4,39.5,0.0,9.8,1013.6
2020-09-28,25.1,16.1,20.6,46.7,0.0,5.1,1011.6
2019-12-25,18.6,9.5,14.0,39.4,0.0,8.7,1018.2
2023-04-30,40.1,30.4,35.3,28.7,0.0,9.1,1000.0
2020-07-12,36.9,24.5,30.7,67.9,0.0,10.4,1002.3
2021-03-24,31.5,22.8,27.1,53.1,10.2,15.4,1007.6
2020-09-10,28.0,17.6,22.8,41.1,0.0,7.2,1008.3
2020-04-10,35.1,24.9,30.0,44.2,0.0,13.7,1006.5
2023-06-11,41.1,31.5,36.3,59.9,10.1,7.6,996.8
2023-03-13,32.2,23.7,28.0,48.9,0.0,6.4,1006.7
2022-06-20,999.0,27.4,33.2,40.1,0.0,10.2,1001.0
2019-03-21,31.1,22.9,27.0,30.4,0.0,3.7,1006.3
2023-05-24,38.2,30.2,34.2,30.5,0.0,2.5,997.7
2020-05-06,39.2,29.6,34.4,36.0,0.0,8.4,1001.2
not available,34.0,22.6,28.3,83.3,1.7,9.2,1004.2
2020-06-11,40.4,30.0,35.2,47.1,0.0,8.0,998.4
2023-07-17,40.3,27.5,33.9,81.1,7.4,11.0,1005.8
2022-04-16,34.4,26.8,30.6,31.7,0.0,12.8,1000.8
2022-05-27,43.8,32.0,37.9,36.6,0.0,10.1,997.1
2022-09-08,30.3,19.7,25.0,55.2,0.0,6.5,1007.8
2023-10-28,20.3,11.0,15.7,38.5,0.0,19.4,1014.9
2023-03-25,35.2,26.2,30.7,,0.0,4.4,1005.1
2020-04-24,41.5,33.0,37.3,42.1,0.0,8.3,1005.8
2023-07-22,41.0,29.4,35.2,85.1,2.1,12.3,999.7
2022-04-27,36.6,28.4,32.5,31.3,0.0,12.6,1001.0
2019-04-13,35.4,25.5,30.4,33.0,0.0,15.7,1000.0
2020-10-25,21.2,12.1,16.7,42.5,1.9,1.7,1012.8
2021-01-12,20.2,10.3,15.3,41.9,0.0,11.3,1020.7
2022-10-20,23.6,13.6,18.6,39.8,0.0,18.8,1011.0
2022-11-07,20.6,12.5,16.6,34.6,0.0,9.2,1015.8
2019-02-23,26.8,18.2,22.5,48.5,0.1,11.6,1007.5
2021-09-14,28.5,19.5,24.0,47.7,0.0,4.5,1007.9
2022-04-22,35.3,26.0,30.6,22.8,0.0,8.8,1004.8
2019-03-10,31.9,22.5,27.2,44.9,0.0,7.9,1003.1
2023-04-23,36.6,28.1,32.3,38.5,0.0,18.8,1004.3
2020-12-18,22.2,10.9,16.5,28.0,0.0,4.8,1015.6
2022-01-05,24.5,12.4,18.5,43.4,0.0,7.3,1015.3
2020-12-27,21.5,11.0,16.3,29.2,0.0,7.8,1015.3
2019-11-30,17.7,8.7,13.2,40.5,0.0,2.5,1020.0
2022-12-10,22.3,11.8,17.1,37.8,0.0,5.0,1018.2
2021-02-25,28.3,,23.5,39.2,0.0,13.4,1012.2
2021-02-23,27.4,18.9,23.1,,0.0,6.0,1010.3
2021-08-12,33.8,21.5,27.7,66.9,0.0,21.6,1003.6
2022-06-16,41.5,31.0,36.3,47.4,0.0,15.3,997.2
2020-10-20,24.5,15.6,20.0,45.7,0.0,4.8,1015.6
2019-05-08,36.0,27.4,31.7,35.6,0.0,10.2,999.9
2022-08-31,35.3,26.0,30.7,82.3,2.5,13.5,1010.6
2023-07-30,34.3,21.8,28.0,92.1,33.2,5.8,1002.2
2022-09-24,23.1,14.2,18.6,51.7,0.0,21.2,1010.5
2022-08-25,32.8,24.0,28.4,82.8,,4.5,1012.9
2020-04-04,34.6,25.2,29.9,46.0,0.0,7.3,1005.7
2022-01-11,21.0,8.1,14.5,42.6,0.0,7.2,1012.7
2021-08-08,32.2,20.7,26.5,75.4,0.0,13.5,1000.3
2021-12-15,22.9,12.5,17.7,29.8,0.0,4.9,1018.2
2021-02-08,28.7,18.7,23.7,35.0,0.0,6.7,1012.9
2019-03-16,31.4,22.5,27.0,31.7,0.0,5.4,1004.3
2022-02-03,21.2,11.1,16.1,22.4,0.0,3.0,1011.0
2022-09-05,28.3,19.7,24.0,54.0,0.0,7.4,1010.6
2020-04-06,34.4,23.1,28.7,28.9,0.0,14.8,1004.1
2022-07-21,37.1,24.7,30.9,73.3,,4.8,999.5
2020-10-01,25.6,17.2,21.4,50.3,0.0,10.8,1011.6
2023-11-21,21.8,13.1,17.5,40.2,0.0,4.7,1016.7
2019-09-16,28.1,17.6,22.8,43.2,0.0,10.4,1009.0
2020-06-02,41.9,31.3,36.6,45.9,0.0,5.0,1001.0
2023-03-23,33.1,23.5,28.3,33.3,0.0,8.9,1005.0
2022-10-12,26.0,16.5,21.2,35.5,0.0,3.8,1012.0
2021-07-18,999.0,27.2,32.6,74.6,0.0,11.6,1002.4
2019-08-19,30.2,20.2,25.2,87.6,20.0,7.8,1005.7
2020-02-17,25.7,16.1,20.9,37.7,0.0,15.9,1007.7
2020-07-09,38.9,26.6,32.7,69.6,0.0,22.3,1002.9
2020-06-27,39.8,28.1,33.9,59.7,0.0,11.3,1000.6
2022-06-13,39.5,28.5,34.0,51.6,0.0,7.8,999.8
2023-12-08,20.1,8.8,14.5,39.0,0.0,6.6,1018.0
2022-06-12,42.9,33.2,38.1,44.7,0.0,,1001.7
2022-12-22,20.6,12.1,16.3,46.5,0.0,4.2,1013.0
2020-10-06,23.4,14.8,19.1,32.5,0.0,5.4,1011.6
2022-08-21,32.2,22.4,27.3,94.2,17.0,9.4,1003.8
2023-01-25,,11.1,17.2,39.8,0.0,11.9,1011.4
2021-08-16,33.8,22.8,28.3,79.1,3.7,18.4,1006.8
2020-10-26,21.9,12.1,17.0,41.2,,18.7,1010.2
2022-08-27,32.3,22.2,27.2,63.0,0.0,5.2,1004.1
2022-11-28,22.1,11.4,16.7,47.5,0.0,10.4,1016.1
2021-02-10,29.0,17.9,23.4,,0.0,8.3,1010.6
2022-08-30,32.5,21.8,27.2,65.9,0.0,10.3,1006.8
2023-06-06,36.6,27.0,31.8,44.6,0.0,10.8,998.9
2019-09-19,26.5,17.6,22.1,44.6,0.0,13.6,1009.6
2019-10-22,22.1,12.5,17.3,33.2,0.0,5.7,1012.7
2020-12-22,23.9,11.1,17.5,34.9,0.0,10.9,1010.2
2022-12-30,22.6,10.5,16.6,42.4,0.0,12.0,1012.3
2022-06-11,39.7,30.1,34.9,52.0,0.0,8.3,1000.7
2022-04-23,41.5,31.4,36.5,34.5,0.0,4.5,1002.0
2019-06-09,37.7,27.9,32.8,53.1,7.8,11.0,1000.3
2020-10-12,25.7,18.7,22.2,33.5,0.0,8.3,1016.5
2023-05-23,37.3,27.0,32.2,37.9,0.0,4.7,1003.3
2020-11-25,18.3,8.9,13.6,43.9,0.0,3.5,1015.6
2021-06-28,37.6,27.0,32.3,63.5,3.9,7.1,1000.4
2023-11-24,19.6,11.9,15.7,37.0,0.0,8.4,1016.8
2021-05-18,38.8,28.1,33.5,42.6,0.0,12.7,998.7
2023-05-12,38.5,29.1,33.8,35.4,0.0,10.6,999.0
2019-01-15,23.9,12.6,18.3,37.7,0.0,11.2,1011.3
2021-09-02,29.0,18.1,23.6,53.7,0.0,12.1,1006.5
2020-04-07,32.5,22.5,27.5,41.1,0.0,9.1,1001.4
2023-04-17,35.9,27.9,31.9,39.2,0.0,3.0,1002.2
2022-06-24,43.3,31.2,37.3,62.7,0.0,10.5,999.2
2020-09-11,32.4,20.3,26.3,57.2,0.0,4.1,1008.1
2022-12-02,19.1,7.6,13.3,44.2,0.0,6.2,1014.6
2022-09-03,30.7,21.4,26.0,76.7,2.0,6.5,1006.7
2021-05-23,39.2,30.5,34.9,37.6,0.0,2.6,1001.2
2020-04-11,35.5,25.3,30.4,48.1,0.0,5.0,1005.2
2021-01-23,28.6,15.5,22.1,-9999.0,0.0,7.7,1012.9
2022-10-18,25.3,15.6,20.5,61.2,2.2,14.7,1014.6
2021-07-30,39.1,25.9,32.5,69.8,0.0,7.9,1005.3
2021-06-01,38.0,27.9,33.0,44.0,0.0,5.1,1000.4
2019-10-19,22.9,13.8,18.4,40.4,0.0,5.4,1014.5
2019-08-22,34.1,24.9,29.5,84.6,14.1,9.5,1005.8
2021-01-11,25.2,13.1,19.1,39.3,0.0,10.3,1011.7
2022-05-10,39.1,30.8,34.9,49.1,0.0,2.3,1004.0
2023-10-07,23.9,,19.0,51.6,0.0,5.5,1009.0
2022-10-05,21.4,12.8,17.1,46.6,0.0,8.2,1010.6
2019-02-19,26.9,18.3,22.6,51.3,0.0,16.5,1009.0
2021-02-24,29.2,18.2,23.7,39.5,0.0,9.2,1009.2
2021-12-19,20.9,9.9,15.4,45.0,0.0,5.0,1015.0
2023-09-24,24.6,17.0,20.8,45.1,0.0,8.3,1009.6
2020-06-18,38.0,25.9,31.9,56.5,0.0,6.7,1003.0
2020-09-20,24.8,15.9,20.3,53.7,0.0,8.4,1008.1
2021-07-17,38.6,25.6,32.1,92.9,11.5,7.6,1005.6
2023-03-11,31.4,22.3,26.9,36.8,0.0,9.2,1009.9
2020-06-09,39.5,28.8,34.2,51.4,0.0,7.6,1003.5
2021-12-16,,9.8,15.6,41.7,0.0,,1014.6
2020-02-04,24.5,13.1,18.8,34.4,0.0,5.2,1008.9
2022-08-26,31.9,22.4,27.1,79.8,8.0,5.8,1006.6
2023-02-05,26.4,15.2,20.8,47.1,0.0,9.6,1011.8
2022-05-18,39.2,30.1,34.7,48.6,0.0,7.7,1000.9
2022-08-16,30.9,20.1,25.5,94.8,,8.8,1001.9
2021-11-27,22.6,12.8,17.7,32.2,0.0,4.4,1015.4
2020-08-12,37.7,25.6,31.7,,0.0,4.1,1009.0
2020-11-04,19.1,8.7,13.9,35.8,0.0,8.9,1014.7
2022-08-02,34.9,24.8,29.8,96.7,6.0,11.4,1003.3
2019-04-17,999.0,25.8,29.9,29.0,0.0,10.6,1002.1
2021-04-15,33.9,25.6,29.7,42.3,0.0,8.5,1003.7
2019-09-09,29.7,20.0,24.9,,0.0,5.2,1008.6
2023-12-26,18.0,5.7,11.9,52.7,0.0,6.1,1013.8
2022-08-01,31.0,20.2,25.6,81.0,0.0,9.6,1007.2
2020-01-26,20.4,8.8,14.6,42.8,0.0,9.6,1011.2
2021-03-05,26.2,17.0,21.6,32.5,0.0,6.9,1010.4
2019-02-26,28.0,18.3,23.1,36.5,0.0,5.4,1008.6
2020-10-30,20.9,10.7,15.8,40.5,0.0,12.5,1014.6
2020-11-12,21.7,12.0,16.8,37.8,0.0,11.1,1014.8
2021-03-14,31.8,22.3,27.1,42.0,0.0,8.4,1004.3
2022-04-20,35.6,26.0,30.8,32.6,0.0,8.9,1006.3
2021-12-13,25.0,15.3,20.2,39.1,0.0,10.6,1017.8
2022-10-06,24.1,15.6,19.8,37.0,0.0,9.5,
2023-09-08,25.0,15.6,20.3,72.6,11.9,5.2,1011.0
2019-12-13,19.0,9.0,14.0,44.7,0.0,9.2,1013.2
2019-06-01,38.1,28.1,33.1,39.7,0.0,12.7,995.5
2023-04-21,36.1,27.3,31.7,40.9,0.0,6.9,1002.9
2021-04-07,34.1,25.9,30.0,35.7,0.0,8.8,1001.9
2020-06-08,42.9,32.1,37.5,,0.0,8.6,1001.6
2019-01-22,22.4,11.7,17.0,33.4,0.0,7.4,1012.9
2020-02-10,25.4,15.6,20.5,36.4,0.0,5.9,1012.3
2019-09-15,27.4,17.7,22.5,64.0,13.5,13.3,1010.0
2020-12-01,21.9,12.1,17.0,39.7,0.0,9.1,1010.5
2020-01-24,24.4,13.6,19.0,43.1,0.0,9.2,1016.6
2019-07-05,43.0,30.0,36.5,78.4,15.3,10.6,999.1
2019-02-13,27.3,16.4,21.9,30.7,0.0,7.8,1011.7
2020-04-18,36.5,27.9,32.2,36.4,0.0,7.1,999.1
2021-05-02,38.6,31.3,34.9,41.0,0.0,7.1,1002.0
2022-09-13,29.4,19.7,24.6,57.4,0.0,16.2,1011.4
2019-12-07,17.3,4.5,10.9,34.3,0.0,1.0,1013.8
2022-03-12,35.2,25.7,30.5,31.3,0.0,6.0,1004.9
2022-08-13,33.2,21.6,27.4,87.3,19.9,7.1,1007.0
2023-03-06,32.1,21.8,26.9,35.8,0.0,10.4,1002.0
2021-11-07,23.2,12.5,17.9,37.5,0.0,2.8,1015.1
2023-10-26,22.9,11.9,17.4,51.5,2.9,8.3,1015.0
2021-08-18,36.2,25.6,30.9,77.0,0.0,6.7,1005.6
2022-12-11,17.6,10.1,13.9,40.9,0.0,4.7,1014.6
2023-10-20,20.8,13.1,16.9,36.4,0.0,5.6,1013.0
2019-11-12,19.7,10.8,15.2,31.7,0.0,4.3,1017.9
2019-11-26,19.3,9.1,14.2,55.9,0.0,7.7,1015.1
2020-05-27,40.4,29.7,35.1,39.5,0.0,9.6,993.7
2023-12-20,20.2,11.1,15.6,,0.0,13.4,1018.5
2019-12-12,15.9,6.8,11.4,31.1,0.0,5.7,1016.4
2021-04-12,33.3,24.5,28.9,44.1,0.0,6.7,1001.8
2020-11-14,19.2,10.1,14.6,37.7,0.0,19.2,1014.1
2021-09-29,23.9,16.4,20.2,52.0,0.0,5.9,1013.2
2023-11-10,23.0,12.8,17.9,33.8,0.0,12.9,1015.7
2023-09-18,25.4,15.0,20.2,48.8,0.0,8.1,1014.9
2021-02-11,26.0,17.2,21.6,50.5,0.0,12.5,1013.1
2019-03-08,29.0,20.4,24.7,50.4,0.0,7.6,1012.6
2023-02-02,23.8,11.9,17.8,34.5,0.0,7.5,1007.5
2021-07-21,40.5,27.8,34.2,84.4,2.6,4.9,1003.5
2023-11-03,22.8,13.2,18.0,39.1,0.0,5.8,1014.8
2023-07-11,40.5,27.8,34.1,75.4,27.3,17.4,1007.1
2020-10-05,24.7,15.6,20.2,32.3,0.0,13.0,1012.7
2023-06-10,40.6,29.5,35.1,47.4,0.0,6.1,999.9
2021-03-19,31.9,21.4,26.6,52.1,0.0,4.0,1003.4
2020-10-07,23.6,15.0,19.3,42.5,0.0,5.1,1013.9
2020-02-22,30.9,19.7,25.3,25.1,0.0,8.0,1009.9
2023-04-18,37.8,28.3,33.1,38.6,0.0,7.0,999.6
2022-08-20,29.9,19.6,24.8,65.6,0.0,12.3,1003.9
2022-02-12,26.5,15.8,21.1,41.7,0.0,2.5,1009.9
2020-06-25,38.1,27.7,32.9,70.1,8.7,10.6,998.0
2023-07-19,43.0,30.2,36.6,84.8,41.2,5.1,1003.5
2019-11-10,21.9,11.5,16.7,40.8,0.0,13.3,1013.3
2019-11-03,20.2,11.5,15.9,44.4,0.0,6.5,1012.5
2021-07-29,36.2,26.6,31.4,72.0,0.0,8.0,999.9
2019-05-10,36.4,28.2,32.3,26.6,0.0,5.1,1004.3
2020-01-31,25.0,14.5,19.7,35.7,0.0,4.8,
2023-08-04,37.9,26.0,32.0,86.5,21.3,21.3,
2019-11-23,16.7,8.0,12.4,39.3,0.0,9.4,1020.7
2019-07-11,38.3,27.4,32.9,60.4,0.0,20.5,1005.4
2020-12-23,15.9,6.9,11.4,42.5,0.0,7.7,1014.6
2022-03-19,30.0,20.9,25.4,42.6,0.0,18.9,999.9
2022-09-30,27.5,18.5,23.0,46.5,0.0,9.5,1010.7
2021-11-30,18.4,9.4,13.9,42.7,0.0,9.6,1017.5
2021-09-20,29.8,19.7,24.8,50.7,0.0,8.3,1010.2
2021-07-09,39.1,26.5,32.8,91.6,6.9,7.8,998.2
2020-05-10,41.0,30.5,35.8,40.6,0.0,10.0,997.7
2021-10-29,20.4,11.7,16.1,40.0,0.0,5.1,1018.1
2021-05-17,38.2,29.2,33.7,38.1,0.0,11.6,997.4
2020-01-20,21.5,8.8,15.1,28.1,0.0,7.1,1013.7
2023-09-20,30.8,20.9,25.8,59.9,5.6,11.0,1010.7
2020-10-14,26.5,16.7,21.6,32.7,0.0,9.7,1013.7
2023-08-21,32.1,21.0,26.5,81.4,0.0,12.6,1007.9
2020-02-02,25.4,15.0,20.2,45.1,0.0,4.0,1013.2
2021-08-04,36.3,25.3,30.8,,18.4,11.5,1003.6
2022-09-11,27.6,19.8,23.7,68.8,0.0,8.2,1008.4
2023-12-05,20.2,8.2,14.2,28.8,0.0,10.3,1017.8
2020-12-25,18.6,9.4,14.0,37.6,0.0,7.3,1014.6
2020-06-16,39.8,28.2,34.0,47.3,0.0,12.8,1001.8
2021-02-01,26.7,15.2,21.0,34.6,0.0,9.5,1014.6
2019-06-11,38.4,28.9,33.6,56.9,2.1,3.5,1000.8
2023-02-27,27.5,18.9,23.2,35.5,0.0,14.7,1008.6
2022-01-08,23.2,12.0,17.6,50.7,0.0,13.6,1011.2
2021-07-25,35.1,23.9,29.5,78.2,26.7,19.1,1002.2
2021-11-05,21.5,13.6,17.5,39.5,0.0,11.2,1013.8
2021-12-09,17.6,6.7,12.2,35.3,0.0,6.3,1014.0
2022-06-28,38.1,28.2,33.1,62.3,0.0,12.8,999.4
2023-03-30,34.0,25.4,29.7,41.1,0.0,5.1,1005.7
2019-01-21,23.7,11.9,17.8,57.1,2.9,7.4,1010.7
2020-07-23,37.3,26.7,32.0,78.5,0.0,7.1,998.3
2022-03-05,27.0,17.6,22.3,30.0,0.0,9.3,1011.0
2020-10-15,20.8,12.1,16.5,44.2,0.0,4.9,1013.8
2020-11-27,15.6,6.1,10.9,45.8,0.0,9.4,1014.6
2020-04-26,39.9,30.9,35.4,39.7,0.0,7.4,1000.3
2019-02-03,23.3,13.6,18.5,45.7,0.0,9.5,1013.3
2022-02-08,25.2,15.6,20.4,36.4,0.0,7.7,1010.8
2021-11-15,19.9,12.8,16.4,39.7,0.0,4.3,1017.6
2019-02-17,27.2,17.9,22.5,30.0,0.0,13.4,1011.2
2022-04-13,38.2,29.3,33.8,32.7,0.0,,1000.8
2019-01-30,25.4,,20.1,36.8,0.0,24.9,1017.9
2021-10-02,26.1,16.0,21.1,57.7,5.9,12.5,1014.7
2022-03-23,32.0,24.3,28.2,44.8,0.0,20.6,997.9
2022-11-15,23.3,12.8,18.0,44.5,0.0,2.1,1017.1
2022-10-07,25.5,15.3,20.4,45.7,0.0,3.6,1011.7
2023-04-08,36.3,27.3,31.8,32.0,0.0,8.3,1000.3
2022-03-31,31.1,22.3,26.7,38.2,0.0,3.7,1007.4
2022-06-22,42.0,29.5,35.8,48.9,0.0,5.6,996.2
2020-05-25,38.2,25.9,32.0,46.4,0.0,4.0,1001.9
2022-03-28,31.7,22.8,27.3,40.4,0.0,4.1,1008.5
2020-06-14,39.5,29.0,34.2,54.7,0.0,8.5,1001.1
2021-07-11,39.1,27.7,33.4,67.8,0.0,17.5,999.6
2020-05-16,41.5,30.7,36.1,46.1,0.0,5.2,1001.2
2020-03-08,30.7,19.9,25.3,31.2,0.0,6.1,1002.7
2019-09-11,26.5,17.8,22.1,65.3,8.8,7.9,1010.9
2023-11-05,27.2,15.5,21.4,33.6,0.0,4.8,1016.3
2023-07-23,39.3,28.7,34.0,99.7,1.4,11.2,1000.5
2023-01-18,24.6,9.5,17.1,50.8,9.7,3.6,1012.7
2021-02-18,24.7,15.2,19.9,,0.0,7.2,1008.5
2020-01-02,19.9,9.7,14.8,35.3,4.0,18.7,1014.8
2021-12-12,23.1,11.8,17.4,54.2,2.4,7.2,1013.4
2021-12-14,19.0,9.1,14.1,32.9,0.0,8.9,1016.9
2020-11-11,22.6,11.8,17.2,37.5,0.0,15.7,1016.9
2023-01-06,19.7,8.7,14.2,56.5,7.6,15.5,1013.1
2021-03-23,33.3,23.4,28.3,35.3,0.0,13.9,1006.1
2021-01-05,22.4,11.0,16.7,42.7,0.0,7.3,1011.4
2021-11-14,18.6,9.2,13.9,37.1,0.0,2.9,1017.1
2019-10-26,18.6,9.6,14.1,37.9,0.0,12.3,
2020-07-10,36.8,26.8,31.8,80.9,15.7,3.5,999.4
2020-07-29,34.5,22.1,28.3,87.3,5.5,6.0,1003.2
2019-01-19,24.8,14.2,19.5,36.9,0.0,12.9,1010.1
2020-07-26,37.2,26.3,31.8,72.0,0.0,,998.9
2022-07-02,40.2,29.1,34.6,59.8,0.0,6.6,999.3
2019-08-14,33.8,24.3,29.0,93.3,26.1,10.5,1008.7
2020-08-22,29.7,18.2,24.0,83.6,5.0,13.4,1007.3
2020-02-24,30.5,20.9,25.7,41.4,0.0,4.3,1010.6
2022-11-22,19.0,10.8,14.9,46.7,0.0,2.9,1018.2
2022-07-26,38.0,27.1,32.5,83.5,3.3,14.5,1003.4
2022-05-31,38.3,30.1,34.2,36.7,0.0,8.4,1005.5
2023-05-22,42.7,31.3,37.0,37.7,1.5,2.7,1001.7
2019-08-07,34.3,24.6,29.4,86.3,0.0,12.2,1005.2
2019-11-04,23.4,14.0,18.7,37.1,0.0,8.1,1013.7
2019-06-06,40.2,30.2,35.2,41.9,0.0,6.8,997.7
2019-06-21,40.7,30.2,35.4,55.0,0.0,11.1,1001.5
2022-12-25,24.5,12.0,18.2,37.3,0.0,10.3,1019.6
2020-12-06,18.5,,13.2,43.7,0.0,4.8,1017.4
2019-10-14,24.2,14.2,19.2,36.9,0.0,5.2,1008.4
2021-12-26,20.8,8.4,14.6,44.8,0.0,11.4,1010.1
2020-03-29,36.3,29.2,32.8,40.8,0.0,9.2,1002.7
2023-11-09,24.4,13.7,19.0,37.5,0.0,2.1,1017.2
2019-03-13,29.2,19.1,24.2,35.5,0.0,3.5,1007.4
2019-03-24,31.8,23.0,27.4,37.9,0.0,9.9,1002.9
2023-10-14,23.8,14.8,19.3,37.9,0.0,13.7,1009.3
2022-11-14,22.0,13.8,17.9,35.3,0.0,5.7,1014.4
2023-10-24,26.0,17.1,21.6,46.2,0.0,9.2,1011.0
2019-01-16,22.0,10.0,16.0,50.0,0.0,4.9,1011.6
2023-04-24,34.6,25.1,29.8,30.9,0.0,2.0,1002.6
2020-06-19,40.6,31.0,35.8,56.8,3.2,12.4,997.5
2022-10-31,18.5,10.0,14.2,34.7,0.0,8.0,1016.4
2021-07-07,,29.8,36.0,69.1,12.2,11.6,1000.8
2020-03-27,34.9,23.8,29.3,36.4,0.0,10.9,1004.7
2023-11-15,23.3,13.1,18.2,39.8,0.0,13.0,1016.4
2020-02-09,27.4,16.1,21.8,35.8,0.0,13.4,1013.2
2023-08-23,33.1,22.7,27.9,66.3,0.0,15.3,1005.1
2023-07-04,39.4,28.4,33.9,84.2,2.0,8.0,998.2
2021-01-09,18.1,7.4,12.7,34.5,0.0,5.9,1013.7
2019-12-31,21.7,9.8,15.8,38.3,0.0,,1019.5
2019-04-15,33.3,26.0,29.7,40.7,0.0,9.5,1005.4
2022-07-16,37.4,26.4,31.9,81.4,0.0,7.7,
2023-11-14,18.3,8.9,13.6,38.2,0.0,3.0,1017.3
2023-02-24,29.1,18.2,23.7,34.6,0.0,2.3,1011.3
2020-10-23,22.4,12.5,17.5,36.6,0.0,,1013.6
2019-08-30,30.8,20.8,25.8,75.7,13.7,21.7,1005.0
2020-03-06,28.4,18.2,23.3,46.2,0.0,15.2,1006.9
2021-03-25,32.0,22.2,27.1,43.7,0.0,22.7,1003.4
2023-10-25,20.2,10.9,15.5,41.5,0.0,11.4,1013.2
2022-05-12,37.7,28.5,33.1,38.3,0.0,10.0,1001.1
2020-09-22,29.9,19.7,24.8,36.7,0.0,13.9,1014.8
2019-04-07,31.4,24.3,27.9,34.1,0.0,3.6,1008.3
2020-04-12,38.9,30.3,34.6,39.1,0.0,6.1,1006.0
2023-10-23,25.2,16.1,20.7,35.0,,8.7,1012.3
2022-04-05,36.9,28.5,32.7,27.6,0.0,6.7,1002.1
2019-03-26,30.5,22.0,26.2,36.2,5.6,17.5,
2020-12-02,19.3,9.8,14.6,42.5,,11.1,1018.9
2019-01-10,21.2,9.5,15.4,36.4,0.0,10.2,1017.0
2020-08-27,29.4,20.9,25.2,83.3,12.9,9.1,1002.9
2021-05-28,39.6,29.8,34.7,29.2,0.0,24.8,995.9
2022-09-01,30.4,20.1,25.2,84.3,13.0,4.1,1007.3
2021-02-12,29.6,17.9,23.7,32.4,0.0,7.8,1012.8
2022-10-17,23.0,14.0,18.5,42.0,0.0,6.1,1014.1
2022-03-08,29.9,19.9,24.9,33.9,0.0,7.0,1010.8
2019-10-04,23.0,14.6,18.8,56.4,0.0,10.2,1012.7
2022-11-09,20.3,11.6,16.0,36.9,0.0,11.8,1016.2
2022-10-04,25.9,15.8,20.9,51.8,0.0,18.8,1009.1
2019-03-30,35.1,24.7,29.9,40.8,0.0,13.5,1003.6
2019-04-01,34.8,26.3,30.5,37.4,0.0,8.3,1007.5
2021-02-04,23.5,10.2,16.9,54.4,1.2,7.8,1014.9
2019-10-08,25.7,15.2,20.4,34.8,0.0,14.8,1014.2
2021-10-04,23.5,15.4,19.5,51.7,0.0,7.9,1010.1
2020-10-13,23.0,13.8,18.4,41.7,0.0,7.5,1011.2
2023-03-03,29.3,18.8,24.1,35.2,0.0,6.3,1003.9
2023-09-13,27.2,17.8,22.5,48.2,0.0,3.3,1013.7
2022-12-07,19.4,9.0,14.2,44.5,0.0,15.2,1015.3
2022-05-11,39.5,31.2,35.4,51.8,,2.7,1001.9
2022-11-27,20.7,12.4,16.6,37.1,0.0,1.9,1014.1
2022-09-26,24.6,16.8,20.7,42.2,0.0,8.9,1011.8
2021-09-19,30.8,20.7,25.8,54.9,0.0,8.9,1006.3
2020-01-01,23.9,13.6,18.8,-9999.0,0.0,11.1,1013.0
2019-01-24,24.4,12.1,18.2,52.7,,8.2,1012.4
2022-10-01,27.4,17.2,22.3,37.4,0.0,13.2,1015.9
2020-11-07,25.4,15.2,20.3,57.5,0.0,5.6,1016.8
2021-09-25,26.4,17.2,21.8,75.1,7.7,5.7,1011.8
2022-04-04,33.8,25.3,29.5,36.1,0.0,11.2,1003.1
2022-09-20,26.7,16.6,21.6,56.8,0.0,7.1,1011.6
2019-11-07,23.0,13.5,18.3,49.5,0.0,11.1,1013.3
2021-11-26,19.9,9.8,14.8,39.3,0.0,5.8,1016.7
2020-10-02,22.0,13.3,17.6,60.4,11.1,15.5,1008.9
2022-10-09,24.8,14.7,19.7,39.2,0.0,6.3,1013.3
2022-11-04,19.3,11.7,15.5,42.1,0.0,10.6,1018.4
2019-08-29,30.1,19.0,24.6,,0.0,3.6,1004.8
2020-10-28,19.0,9.1,14.0,43.8,0.0,8.0,1015.6
2022-09-04,30.4,21.4,25.9,,0.0,9.3,1009.0
2023-05-02,39.1,29.5,34.3,17.1,0.0,9.9,997.0
2022-07-10,37.5,24.3,30.9,62.8,,9.4,1001.4
2019-04-09,35.7,26.7,31.2,47.3,6.2,13.6,1006.8
2019-06-17,41.2,29.8,35.5,44.3,0.0,1.9,998.0
2020-05-11,36.0,25.7,30.8,30.4,0.0,10.7,1001.2
2019-10-03,24.7,17.3,21.0,37.1,0.0,5.1,1009.3
2022-01-18,22.9,11.7,17.3,39.3,0.0,8.6,1016.9
2020-12-15,20.2,9.4,14.8,43.4,0.0,5.4,1014.1
2023-03-26,31.8,24.1,27.9,36.9,0.0,2.7,1004.2
2019-11-28,20.7,11.8,16.2,38.4,0.0,4.4,1014.7
2019-08-08,33.3,23.3,28.3,86.2,16.0,4.9,1007.5
2020-03-09,27.5,17.3,22.4,42.9,0.0,12.2,1005.5
2023-10-27,19.0,11.0,15.0,28.9,0.0,17.7,
2023-04-22,36.4,29.3,32.8,42.8,0.0,6.4,1001.9
2020-05-01,37.1,26.7,31.9,36.3,0.0,4.6,1003.6
2020-06-15,38.5,27.8,33.1,46.4,0.0,14.0,999.0
2023-05-14,39.6,30.3,35.0,40.3,0.0,7.4,1000.9
2019-09-18,26.9,17.6,22.3,54.2,5.1,4.9,1010.6
2021-03-21,31.7,22.7,27.2,26.6,0.0,7.0,1004.2
2019-11-02,20.4,9.0,14.7,48.6,0.0,9.0,1014.5
2023-04-02,32.5,24.4,28.4,31.1,0.0,9.7,1001.8
2019-07-16,39.8,27.8,33.8,81.7,0.6,12.2,1001.5
2022-03-10,29.1,18.8,23.9,44.8,0.0,6.1,1013.0
2022-02-20,28.6,18.3,23.5,41.6,0.0,5.4,1013.8
2020-05-09,38.2,28.6,33.4,39.4,0.0,5.1,999.1
2019-04-21,37.4,28.4,32.9,,0.0,6.4,1000.0
2022-01-13,25.1,14.0,19.5,51.1,0.0,7.0,1014.3
2023-02-15,22.3,13.6,18.0,47.9,0.0,5.0,1010.7
2020-05-28,40.0,29.5,34.8,37.4,0.0,4.4,1003.2
2020-11-22,20.3,9.3,14.8,38.9,0.0,3.4,1018.8
2020-01-05,22.7,13.2,17.9,40.1,0.0,7.1,1012.9
2021-03-04,31.1,19.6,25.4,,0.0,0.9,1010.8
2022-01-03,23.3,12.7,18.0,51.0,2.8,4.3,1014.3
2023-07-20,36.3,24.1,30.2,75.6,0.0,11.6,1003.8
2021-07-15,37.5,27.4,32.5,67.2,7.2,,1001.8
2019-10-01,29.7,19.0,24.4,42.6,0.0,6.3,1013.6
2020-02-01,26.7,15.3,21.0,56.7,2.1,7.7,1010.9
2022-03-24,33.2,24.2,28.7,,0.0,4.5,1003.4
2023-10-08,26.2,18.3,22.2,51.9,5.1,9.5,1010.5
2022-04-30,35.1,26.2,30.6,29.3,0.0,5.6,997.9
2021-03-08,32.2,22.3,27.3,24.4,0.0,5.5,1006.4
2022-07-22,35.9,23.8,29.9,83.0,18.9,11.2,1002.0
2022-04-26,36.3,27.3,31.8,24.9,0.0,5.0,999.5
2021-12-10,18.2,8.6,13.4,40.4,0.0,5.9,1012.9
2021-11-28,18.9,9.6,14.2,30.6,0.0,15.5,1018.2
2021-08-19,33.3,22.8,28.1,87.2,0.0,18.8,1002.5
2020-02-23,28.4,,23.0,43.0,6.9,10.0,1012.0
2023-01-08,19.6,8.7,14.1,34.9,0.0,9.0,1015.9
2022-05-17,36.7,28.0,32.3,34.0,0.0,,1000.2
2020-01-11,26.9,15.4,21.2,37.3,0.0,3.4,1015.7
2020-04-08,30.5,,26.8,42.0,0.0,8.4,1003.8
2020-04-15,37.9,26.3,32.1,37.9,0.0,22.4,1001.7
2022-01-04,24.7,,18.6,43.1,5.3,5.7,1015.2
2022-06-26,40.1,27.3,33.7,50.6,0.0,7.6,1000.8
2020-07-13,36.8,,31.3,65.6,0.0,18.6,1000.6
2019-10-30,23.1,13.7,18.4,38.2,0.0,11.7,1016.8
2020-08-05,33.7,25.0,29.3,91.0,18.4,10.4,1006.5
2022-06-23,40.4,30.8,35.6,37.6,0.0,10.3,1003.5
2023-11-30,16.8,6.7,11.7,43.2,0.0,5.6,1018.0
2021-03-09,31.9,22.8,27.4,34.9,0.0,20.0,1007.2
2019-01-12,24.2,12.8,18.5,47.0,7.1,20.0,1013.0
2023-04-03,33.4,24.6,29.0,30.7,0.0,6.1,1002.0
2023-02-18,27.6,17.4,22.5,53.4,4.4,11.3,1009.9
2023-01-26,26.1,14.7,20.4,34.5,0.0,4.9,1015.0
2020-06-22,36.8,23.6,30.2,40.7,0.0,15.3,1004.2
2020-09-19,29.1,20.6,24.8,42.6,0.0,6.8,1010.9
2019-10-09,20.3,12.3,16.3,38.2,0.0,6.4,1010.1
2022-07-01,43.0,30.9,37.0,53.1,0.0,8.6,999.2
2021-09-10,29.5,21.3,25.4,73.2,1.1,5.4,1012.3
2023-12-29,22.5,11.5,17.0,45.9,0.0,8.6,1013.3
2023-01-19,27.2,14.7,21.0,31.6,0.0,7.9,1009.2
2019-08-12,31.8,22.2,27.0,75.8,0.0,6.1,1001.5
2020-11-03,19.4,10.8,15.1,32.6,0.0,,1012.0
2022-05-28,,29.5,33.9,42.3,0.0,9.4,1003.7
2021-08-24,31.3,21.8,26.5,78.0,8.5,17.2,1002.8
2022-12-20,19.0,9.5,14.3,43.1,0.0,12.0,1013.6
2022-10-25,23.2,13.2,18.2,39.7,0.0,13.5,1017.1
2022-02-23,30.2,19.7,25.0,32.9,0.0,7.5,1010.9
2021-12-29,22.1,10.2,16.2,39.2,0.0,,1016.0
2023-12-27,22.4,11.8,17.1,35.6,0.0,7.3,1014.3
2021-09-21,25.9,18.1,22.0,46.9,0.0,6.1,1007.3
2020-08-03,31.6,20.1,25.8,100.0,20.0,11.0,997.9
2021-11-11,18.6,10.0,14.3,36.0,0.0,5.1,1017.5
2019-03-19,32.1,22.9,27.5,29.8,0.0,5.3,1002.0
2020-07-01,38.5,25.8,32.1,57.1,0.0,10.4,1000.7
2023-02-24,29.1,18.2,23.7,34.6,0.0,2.3,1011.3
2021-01-18,23.0,11.2,17.1,51.5,18.5,4.6,1011.6
2023-11-25,22.2,11.7,17.0,42.7,0.0,6.3,
2021-04-06,35.3,25.0,30.1,31.9,0.0,3.6,
2019-05-06,39.0,29.6,34.3,34.0,0.0,3.8,1001.5
2022-06-06,37.9,29.2,33.6,35.7,0.0,3.6,1000.2
2021-01-27,26.4,14.5,20.5,38.5,0.0,11.8,1010.9
2021-12-02,18.0,8.2,13.1,37.9,0.0,3.2,1016.7
2023-03-21,31.8,22.4,27.1,33.6,0.0,5.5,1007.2
2020-07-30,39.0,27.3,33.2,79.0,8.4,8.2,1005.5
2020-09-13,28.0,18.9,23.5,72.7,5.2,3.4,1013.7
2021-02-06,25.2,13.5,19.4,29.3,0.0,9.2,1013.3
2022-10-30,22.5,13.2,17.9,56.5,1.4,4.8,1018.2
2022-05-14,39.4,31.2,35.3,53.7,2.0,5.7,1000.7
2023-12-17,17.6,5.8,11.7,25.3,0.0,4.9,1014.1
2021-02-28,,19.0,23.7,36.9,0.0,10.0,1012.3
2021-10-27,23.8,14.8,19.3,31.2,0.0,8.3,1016.1
2023-07-21,37.9,25.9,31.9,82.9,6.3,8.8,1002.3
2021-03-13,31.2,22.4,26.8,55.6,2.3,12.2,1010.5
2021-04-24,37.6,27.8,32.7,40.1,0.0,7.2,998.5
2023-02-26,31.4,20.5,26.0,32.8,0.0,2.7,1010.1
2023-04-11,35.3,26.8,31.1,37.3,0.0,6.6,1004.4
2023-11-22,21.7,12.8,17.2,,0.0,7.4,1017.5
2023-12-12,20.7,11.1,15.9,49.6,0.0,6.8,1017.6
2023-05-03,,27.6,32.1,35.6,0.0,6.1,1001.0
2019-09-17,25.5,15.3,20.4,140.0,0.0,10.7,1012.2
2019-10-10,25.1,16.8,21.0,36.2,0.0,9.9,1012.4
2020-09-26,24.7,16.7,20.7,42.8,0.0,5.7,1010.3
2023-09-28,25.8,16.2,21.0,43.3,0.0,8.2,1013.5
2020-04-19,37.4,28.9,33.1,38.6,0.0,3.1,1004.9
2020-03-31,34.2,25.0,29.6,42.3,0.0,17.2,1005.0
2019-11-17,21.1,12.7,16.9,30.0,0.0,3.5,1012.3
2020-03-10,31.2,23.9,27.5,28.1,0.0,1.9,1002.3
2023-11-06,19.8,11.0,15.4,46.2,0.0,10.6,1015.9
2019-10-27,22.4,13.1,17.8,,0.0,4.1,1011.6
2020-03-12,30.1,20.4,25.2,,0.0,7.6,1010.0
2023-08-05,35.7,25.7,30.7,96.6,26.6,4.6,997.6
2020-03-14,30.4,20.4,25.4,37.3,0.0,6.9,1008.5
2019-11-22,21.7,11.4,16.6,35.9,0.0,8.5,1018.8
2020-02-08,25.6,14.4,20.0,67.2,2.6,7.7,1013.9
2022-07-13,40.7,28.2,34.5,62.5,0.0,12.1,999.6
2020-07-18,38.9,28.9,33.9,83.3,32.1,4.8,1005.5
2019-10-20,25.2,16.0,20.6,31.7,0.0,16.0,1020.0
2019-10-06,26.4,17.6,22.0,42.8,0.0,12.1,1010.2
2020-10-17,22.8,14.7,18.8,43.1,0.0,15.2,1013.7
2023-05-26,40.4,31.1,35.8,46.6,12.6,7.8,1000.0
2021-01-02,,10.8,17.2,41.1,0.0,8.8,1018.1
2020-07-07,,31.4,37.1,79.1,8.7,15.2,1002.1
2019-04-05,30.9,22.9,26.9,42.0,0.0,4.8,1006.2
2023-10-03,21.8,,17.8,43.4,0.0,4.9,1012.3
2022-06-09,38.3,29.4,33.8,40.9,0.0,16.4,1000.5
2019-09-03,27.2,18.7,23.0,69.7,52.8,11.9,1013.5
2021-08-03,35.6,23.8,29.7,83.2,0.0,10.8,
2022-04-06,37.0,26.8,31.9,41.1,0.0,8.4,1005.3
2023-03-07,32.6,22.0,27.3,37.4,5.8,9.3,1006.4
2022-09-18,26.4,17.7,22.0,55.8,0.0,19.3,1008.7
2021-02-14,28.0,16.0,22.0,55.7,1.8,7.0,1009.5
2020-03-02,31.2,20.6,25.9,41.6,0.0,7.8,1010.1
2023-04-15,33.8,26.6,30.2,52.0,4.5,6.8,1000.1
2022-04-01,33.1,24.4,28.8,33.4,0.0,6.8,1002.0
2019-05-30,40.5,30.0,35.2,33.7,0.0,,997.5
2019-08-15,38.9,27.1,33.0,88.9,9.7,12.5,1003.4
2021-05-15,40.0,31.7,35.8,31.4,0.0,10.0,1001.6
2021-08-25,30.3,20.6,25.5,86.7,8.2,10.1,1006.7
2022-01-23,24.8,13.2,19.0,41.9,0.0,8.5,1015.3
2022-05-30,40.0,30.1,35.1,42.5,0.0,16.3,1004.5
2021-06-19,40.2,30.6,35.4,63.9,2.9,5.4,999.4
2020-11-30,19.9,9.4,14.7,34.2,0.0,6.7,1015.2
2023-02-06,24.2,12.4,18.3,41.3,0.0,11.8,1006.6
2023-12-24,21.7,11.2,16.4,33.9,0.0,9.3,1014.3
2020-08-24,30.6,21.0,25.8,80.1,3.0,7.6,1004.7
2022-07-15,37.8,26.1,32.0,86.1,26.5,9.3,997.9
2021-11-24,20.2,10.6,15.4,50.0,0.0,6.2,1015.1
2019-08-06,37.4,27.1,32.3,82.3,0.0,10.8,1002.8
2022-01-01,23.9,14.0,18.9,25.2,0.0,12.9,1015.4
2021-03-28,33.3,25.0,29.1,39.9,0.0,12.2,1006.4
2019-08-09,34.8,23.2,29.0,97.6,12.5,15.4,1007.3
2019-08-02,35.4,23.8,29.6,96.3,0.0,10.5,1002.0
2023-09-04,30.7,20.5,25.6,62.1,0.0,6.5,1006.8
2021-06-26,,26.9,32.1,,0.0,10.2,1007.2
2020-01-30,26.3,14.9,20.6,35.1,0.0,8.7,1014.0
not available,20.4,9.1,14.8,44.1,0.0,5.2,1011.7
2021-07-13,38.7,26.6,32.7,70.2,5.9,6.7,1000.1
2019-01-13,23.9,10.7,17.3,46.3,0.0,11.2,1013.5
2023-08-25,35.4,26.8,31.1,59.4,0.0,7.7,1004.9
2022-09-29,27.3,19.3,23.3,45.5,0.0,,1011.0
2022-05-07,39.5,29.5,34.5,31.4,0.0,6.7,1001.0
2019-08-23,30.3,21.4,25.8,83.8,9.9,12.0,1012.5
2020-11-26,19.4,8.0,13.7,36.4,0.0,7.0,1016.4
2022-12-15,20.6,9.2,14.9,43.7,0.0,,1014.3
2021-12-20,20.6,10.5,15.5,46.2,0.0,10.5,1012.7
2023-09-21,28.5,20.0,24.2,54.0,0.0,4.9,1010.5
2023-12-11,17.3,5.9,11.6,37.3,0.0,5.9,1016.3
not available,32.9,22.3,27.6,90.1,22.4,10.1,1004.8
2019-03-05,31.1,20.7,25.9,42.7,0.0,7.5,1007.8
2021-01-04,22.7,11.0,16.8,50.5,3.0,7.1,1016.3
2021-10-20,24.1,14.1,19.1,38.0,0.0,12.4,1010.3
2021-08-22,33.2,21.3,27.3,79.2,8.1,11.8,1005.8
2020-08-30,31.6,21.6,26.6,59.7,0.0,10.5,1005.9
2019-01-14,24.8,13.9,19.3,46.6,0.0,5.7,1016.7
2021-04-19,35.8,26.7,31.3,40.6,0.0,20.7,1003.8
2020-03-11,29.4,,24.9,41.2,0.0,7.7,1005.6
2019-01-18,21.3,10.8,16.0,34.7,0.0,9.5,1012.7
2021-02-03,25.7,15.4,20.5,41.5,0.0,3.8,1011.7
2023-02-22,23.7,15.0,19.4,44.9,0.0,16.9,1010.4
2019-12-15,17.7,7.0,12.3,52.0,0.0,,1013.6
2019-07-27,34.7,23.5,29.1,87.7,23.6,12.1,1002.8
2022-01-19,24.9,11.3,18.1,42.9,1.8,6.8,1018.3
2022-08-24,30.0,20.1,25.1,84.3,22.4,9.2,1002.8
2019-12-08,19.7,11.4,15.6,44.5,0.0,10.3,1009.4
2022-11-05,19.6,10.9,15.3,45.2,0.0,10.1,1014.1
2019-12-11,22.6,13.3,18.0,40.2,0.0,10.5,1014.3
2023-02-04,23.5,12.7,18.1,41.2,0.0,15.9,1011.9
2023-07-10,41.2,29.9,35.6,65.8,0.0,4.1,1003.8
2021-09-10,29.5,21.3,25.4,73.2,1.1,5.4,1012.3
2020-07-05,40.0,29.3,34.6,71.3,5.3,5.4,1002.0
2020-08-21,33.0,22.5,27.8,78.6,5.2,7.0,1006.3
2019-02-02,24.6,13.0,18.8,36.6,0.0,8.1,1016.6
2020-01-08,23.9,12.6,18.2,37.2,0.0,3.1,1014.1
2020-10-19,22.8,13.8,18.3,38.6,0.0,9.1,1014.2
2019-06-22,38.8,28.7,33.8,40.1,0.0,9.6,1000.3
2021-12-22,18.2,7.6,12.9,35.9,,11.9,1013.7
2023-08-28,29.5,19.0,24.3,87.3,16.5,10.9,1005.9
2020-02-13,22.8,13.0,17.9,38.7,0.0,14.7,1011.8
2021-11-16,17.3,9.3,13.3,35.4,0.0,5.8,1015.0
2023-10-17,21.6,12.3,16.9,37.0,0.0,19.1,1014.0
2019-07-20,39.1,26.5,32.8,81.8,12.1,5.8,1000.5
2022-08-09,34.4,23.7,29.1,91.8,20.0,12.9,1003.9
2021-05-10,35.9,28.5,32.2,41.3,0.0,6.3,1001.9
2023-05-27,40.1,30.4,35.2,42.5,-5.0,8.3,1004.1
2023-09-12,,19.0,24.0,67.6,0.0,1.9,1009.7
2023-03-15,34.9,25.4,30.2,40.8,0.0,9.6,1003.3
2022-03-11,29.9,18.7,24.3,31.9,0.0,13.5,1009.2
2023-08-19,,19.8,25.0,83.4,16.0,7.2,1003.1
2023-09-26,26.0,17.0,21.5,49.5,0.0,7.8,1013.5
2022-09-23,27.8,19.3,23.5,44.7,0.0,5.1,1009.5
2023-12-09,19.7,8.9,14.3,47.5,0.0,8.5,1012.2
2020-05-04,39.5,30.0,34.8,29.1,0.0,11.7,1000.0
2023-09-23,25.4,15.0,20.2,46.7,0.0,9.3,1011.7
2019-08-01,35.8,25.5,30.7,74.8,0.0,6.9,1004.8
2019-05-14,38.2,29.5,33.9,39.8,0.0,2.6,1001.5
2019-03-02,25.7,16.8,21.3,36.0,0.0,9.1,1003.2
2020-11-21,20.6,11.0,15.8,55.4,9.3,3.5,1011.4
2019-01-27,25.5,14.3,19.9,40.4,0.0,6.0,1013.1
2019-04-11,34.3,25.9,30.1,,0.0,3.3,1006.0
2023-04-05,33.5,24.1,28.8,43.6,0.0,8.5,1007.1
2023-06-01,39.7,30.1,34.9,40.6,0.0,4.6,999.1
2021-09-01,28.7,19.0,23.8,69.2,0.0,17.9,1009.5
2021-02-15,25.1,14.6,19.8,43.6,0.0,17.7,1014.6
2021-02-27,26.0,17.7,21.9,43.3,0.0,8.5,1010.3
2020-06-04,38.1,28.4,33.3,48.4,0.0,4.2,1001.1
2019-12-30,19.8,8.2,14.0,50.2,0.0,9.3,1015.1
2019-11-06,23.7,14.9,19.3,37.4,0.0,,1011.6
2021-03-06,29.3,20.2,24.8,39.5,0.0,4.2,1009.6
2021-04-08,37.1,28.0,32.6,43.9,9.8,5.4,1004.3
2023-06-17,41.4,29.5,35.5,39.4,0.0,6.1,1000.3
2022-06-30,38.9,27.1,33.0,63.7,13.1,10.0,1000.2
2020-06-28,38.7,28.8,33.7,83.3,5.6,9.7,1002.8
2021-07-28,38.1,27.3,32.7,78.4,30.9,7.5,1000.7
2023-02-14,27.8,17.2,22.5,43.4,0.0,8.1,1008.4
2020-03-17,32.3,23.0,27.6,33.1,0.0,12.7,1006.7
2020-10-09,21.0,11.4,16.2,46.7,0.0,7.9,1007.4
2021-09-30,27.7,16.1,21.9,,0.0,9.7,1010.0
2020-04-21,37.3,31.0,34.1,41.2,0.0,9.1,1006.0
2021-11-12,18.9,10.7,14.8,43.6,0.0,16.1,1015.2
2019-03-04,29.1,20.8,24.9,33.8,0.0,16.3,1009.4
2022-03-18,,21.7,26.8,35.2,0.0,6.6,1002.9
2020-04-28,38.7,29.4,34.1,,0.0,6.4,996.1
2021-10-23,18.9,8.5,13.7,29.1,0.0,,1010.6
2022-07-05,35.5,24.1,29.8,69.1,0.0,7.3,995.7
2019-02-22,26.2,14.5,20.3,33.2,0.0,13.6,1010.9
2019-08-31,27.9,17.4,22.6,81.6,0.0,6.5,1007.4
2022-04-12,33.4,25.1,29.3,30.9,0.0,9.8,1005.8
2019-02-05,27.2,17.3,22.2,33.8,0.0,,1012.9
2022-04-17,36.4,28.3,32.4,25.0,0.0,4.1,1001.2
2023-08-31,26.5,16.7,21.6,65.3,0.0,7.4,1009.8
2021-01-08,20.1,7.5,13.8,49.2,0.0,5.5,1009.7
2019-05-01,35.5,27.2,31.4,36.2,0.0,21.2,1004.0
2023-10-30,19.2,10.7,14.9,51.3,0.0,9.6,1016.7
2022-07-23,36.3,23.9,30.1,80.0,0.0,11.6,1000.6
2021-10-16,23.6,15.6,19.6,53.3,10.1,11.1,
2019-02-14,27.6,16.1,21.8,38.6,0.0,9.4,1007.6
2022-08-17,34.0,23.1,28.6,88.4,29.0,8.3,1002.6
2021-04-16,35.2,26.6,30.9,41.8,0.0,15.1,1002.1
2019-03-18,31.3,21.3,26.3,32.8,0.0,7.1,1006.2
2020-01-04,22.4,10.9,16.7,40.4,0.0,8.1,1011.3
2021-06-25,40.3,27.8,34.0,53.7,0.0,11.0,1002.6
2022-05-21,40.7,28.7,34.7,33.3,,8.2,1002.0
2019-09-25,27.2,17.2,22.2,46.1,0.0,8.8,1012.7
2022-08-28,35.0,24.3,29.7,60.5,0.0,7.7,1005.3
2020-12-29,19.6,8.1,13.9,28.1,0.0,15.8,1018.1
2020-03-20,31.8,22.0,26.9,37.1,0.0,14.2,1002.0
2020-05-18,37.1,26.7,31.9,42.2,0.0,8.2,1005.3
2023-02-28,25.4,15.6,20.5,49.9,0.0,3.4,1007.6
2021-11-23,21.3,10.6,16.0,38.6,0.0,4.1,1016.2
2021-10-30,21.8,13.6,17.7,58.6,6.4,5.3,1011.5
2023-09-09,30.7,20.1,25.4,58.1,0.0,21.6,1007.5
2022-03-30,34.8,23.2,29.0,41.8,0.0,8.8,1007.4
2019-10-13,22.8,13.3,18.0,46.2,0.0,8.6,1015.0
2019-10-23,22.5,13.4,17.9,48.5,0.0,14.0,1013.3
2023-06-29,37.7,25.4,31.5,57.9,0.0,15.8,1003.3
2020-09-17,,17.3,21.8,50.2,0.0,6.3,1006.3
2019-10-05,22.9,13.1,18.0,39.6,0.0,8.2,1010.4
2023-10-18,21.7,12.5,17.1,40.2,0.0,7.7,1011.7
2023-06-16,43.2,32.1,37.7,43.3,0.0,10.9,999.1
2020-04-29,38.0,28.1,33.0,36.0,0.0,11.3,1003.7
2023-03-01,27.0,16.7,21.9,45.2,,3.9,
2019-07-02,39.4,27.1,33.2,54.6,0.0,9.4,996.7
2021-08-28,31.1,20.5,25.8,81.7,19.0,11.3,1005.4
2023-11-29,19.2,9.8,14.5,39.0,0.0,22.4,1017.4
2020-11-15,19.1,10.4,14.7,39.3,0.0,12.5,1014.8
2023-12-15,21.4,12.3,16.9,40.4,0.0,7.8,1013.7
2019-02-06,26.4,14.0,20.2,33.6,0.0,9.0,1013.1
2022-03-26,29.6,22.4,26.0,36.5,0.0,12.1,1003.7
2019-01-03,22.8,12.4,17.6,,0.0,8.2,1015.0
2021-01-24,27.1,16.4,21.7,52.7,1.9,3.6,1012.5
2020-05-23,999.0,29.2,33.8,55.2,5.3,2.8,1000.1
2020-05-12,38.2,29.0,33.6,28.9,0.0,8.8,999.2
2019-11-05,21.5,13.2,17.3,43.6,0.0,10.1,1019.3
2022-08-06,37.1,24.1,30.6,96.4,0.9,8.2,1005.8
2023-05-04,36.7,29.8,33.3,62.0,1.1,10.8,1000.5
2022-12-09,17.6,8.0,12.8,46.7,4.7,1.6,1013.7
2022-12-16,20.7,10.7,15.7,36.0,0.0,6.9,1017.7
2019-05-22,37.6,28.2,32.9,33.8,0.0,13.9,994.8
2022-06-01,37.0,26.4,31.7,43.5,0.0,21.9,996.8
2021-05-14,37.0,29.0,33.0,41.3,0.0,15.3,1003.8
2019-07-03,41.8,30.0,35.9,72.6,3.4,4.1,998.6
2023-11-16,20.8,13.1,17.0,40.8,0.0,6.6,1013.5
2021-10-07,22.3,12.7,17.5,49.0,0.0,9.9,1011.1
2021-07-01,41.8,28.3,35.0,53.4,0.0,13.5,999.9
2023-08-24,31.1,21.2,26.1,75.6,31.8,17.5,999.9
2021-04-28,36.0,27.2,31.6,36.8,,4.2,998.9
2020-05-26,39.6,29.1,34.3,38.4,0.0,6.7,1003.1
2021-01-01,22.2,10.2,16.2,52.3,0.0,5.6,1015.2
2023-06-24,41.1,31.8,36.4,,0.0,8.4,999.5
2021-09-23,28.2,18.3,23.3,44.5,0.0,3.8,1010.2
2021-06-06,38.6,29.8,34.2,35.6,0.0,19.8,1001.8
2019-04-28,36.4,29.5,32.9,23.8,0.0,3.4,1001.7
2021-10-22,22.3,11.8,17.1,47.4,0.0,11.3,1011.4
2019-04-24,34.0,25.8,29.9,45.2,0.0,6.4,1000.6
2020-06-29,,28.4,33.8,54.1,0.0,9.6,1004.0
2023-09-07,28.9,18.2,23.5,61.5,0.0,11.6,1009.4
2019-06-15,38.7,27.8,33.2,51.2,0.0,14.4,1001.9
2019-07-04,39.6,29.6,34.6,58.0,0.0,15.5,999.3
2023-08-29,29.6,20.9,25.2,84.8,16.1,8.2,1009.1
2022-10-28,21.8,14.4,18.1,34.2,0.0,18.7,1008.8
2019-10-02,28.0,18.6,23.3,60.4,4.2,7.9,1008.0
2021-09-28,25.3,14.2,19.8,42.2,0.0,7.8,1010.3
2020-12-05,22.5,11.3,16.9,43.2,0.0,11.6,1017.2
2021-10-21,18.5,9.6,14.0,37.2,0.0,12.5,1015.4
2023-05-10,36.2,26.8,31.5,29.7,0.0,7.3,998.7
2023-04-14,33.5,,29.5,38.7,0.0,9.6,1002.9
2023-03-05,29.0,19.1,24.1,42.2,0.0,4.5,1009.3
2023-10-09,25.1,15.6,20.3,53.8,0.2,7.7,1015.2
2020-01-19,21.4,9.9,15.6,33.9,0.0,16.3,1014.6
2022-11-30,21.4,11.3,16.4,39.0,0.0,5.5,1018.0
2020-07-15,39.5,27.0,33.3,72.7,25.1,5.5,1002.7
2021-05-12,39.3,28.8,34.0,35.2,0.0,13.2,999.1
2021-11-10,18.2,10.8,14.5,43.2,0.0,5.2,1012.0
2019-06-26,42.9,31.6,37.2,75.6,6.8,4.8,999.5
2022-09-21,25.7,17.8,21.8,57.2,0.0,17.6,1010.9
2020-01-15,22.4,10.8,16.6,41.0,0.0,9.3,1012.1
2023-04-19,33.8,24.2,29.0,31.3,0.0,4.6,1003.9
2022-04-10,39.5,28.9,34.2,34.4,0.0,11.0,1004.6
2021-10-13,23.8,14.2,19.0,36.0,0.0,,1011.2
2020-06-03,42.4,33.5,37.9,44.1,0.0,7.1,1002.5
2021-04-10,36.0,26.7,31.4,,0.0,7.8,1000.2
2020-05-22,40.3,30.8,35.5,34.7,0.0,7.6,996.2
2022-03-22,32.0,20.7,26.3,30.3,0.0,28.0,1003.7
2023-07-01,35.9,23.4,29.7,49.2,0.0,6.1,1001.3
2020-02-18,28.7,18.6,23.6,45.7,0.0,4.9,1012.9
2023-06-22,40.3,28.8,34.6,71.7,3.1,11.2,999.2
2020-09-14,28.8,18.6,23.7,60.2,0.0,15.5,1005.3
2021-05-22,40.9,31.1,36.0,39.7,0.0,5.4,1004.7
2023-05-25,42.7,31.8,37.3,47.4,,19.6,1003.4
2021-05-08,34.2,26.5,30.4,27.6,0.0,5.1,1002.0
2020-10-03,26.6,16.2,21.4,46.3,0.0,5.2,1014.8
2022-09-02,28.5,19.5,24.0,61.0,0.0,9.2,1012.3
2019-09-16,28.1,17.6,22.8,43.2,0.0,10.4,1009.0
2021-04-14,33.9,25.9,29.9,36.6,0.0,2.8,1007.0
2020-10-24,21.0,10.6,15.8,32.0,0.0,9.8,1013.0
2023-02-07,27.7,15.9,21.8,46.8,0.9,4.2,1010.6
2019-12-04,20.8,10.3,15.6,34.4,,2.5,1015.5
2023-04-12,,25.7,29.5,33.5,0.0,1.8,1003.4
2023-03-09,26.4,17.0,21.7,41.2,0.0,13.5,1006.9
2020-02-03,25.9,15.8,20.9,28.9,0.0,13.6,1012.1
2022-12-18,23.0,12.9,18.0,53.3,2.6,2.1,1014.5
2020-08-28,32.7,21.6,27.1,58.7,0.0,4.3,1011.2
2023-08-12,33.5,22.1,27.8,86.6,2.5,17.0,1004.0
2020-04-25,38.6,27.6,33.1,47.1,0.0,9.3,
2022-12-17,24.5,14.3,19.4,34.4,0.0,16.4,1015.8
2022-02-17,26.4,15.9,21.1,44.7,0.0,9.4,1009.6
2021-07-06,,29.8,34.6,58.0,0.0,7.6,997.0
2023-08-02,35.6,24.5,30.1,94.7,17.1,4.9,1000.8
2023-09-02,33.7,,28.9,54.5,0.0,14.3,1006.9
2021-10-14,23.1,13.4,18.2,39.0,0.0,9.6,1012.7
2021-05-25,35.5,27.1,31.3,46.4,0.0,7.8,997.6
2023-10-05,23.8,13.3,18.5,33.7,0.0,8.1,1011.3
2020-10-21,21.6,12.7,17.1,42.3,0.0,18.7,1016.9
2021-10-18,23.0,14.6,18.8,40.6,0.0,7.3,1014.6
2021-02-28,,19.0,23.7,36.9,0.0,10.0,1012.3
2019-09-14,28.4,20.0,24.2,54.9,18.1,9.3,1009.3
2021-08-26,34.0,22.7,28.3,77.3,12.8,7.3,1004.5
2021-08-10,35.8,24.4,30.1,83.2,6.9,7.2,1003.0
2023-07-26,37.4,25.5,31.4,83.2,2.7,5.9,1002.3
2022-06-27,40.7,29.2,35.0,60.2,3.1,11.4,997.4
2023-08-16,33.5,22.6,28.1,80.0,0.0,14.1,1007.5
